/*
SQLyog Ultimate v11.11 (64 bit)
MySQL - 8.0.18 : Database - alantico_elantiguo2020
*********************************************************************
*/

/*!40101 SET NAMES utf8 */;

/*!40101 SET SQL_MODE=''*/;

/*!40014 SET @OLD_UNIQUE_CHECKS=@@UNIQUE_CHECKS, UNIQUE_CHECKS=0 */;
/*!40014 SET @OLD_FOREIGN_KEY_CHECKS=@@FOREIGN_KEY_CHECKS, FOREIGN_KEY_CHECKS=0 */;
/*!40101 SET @OLD_SQL_MODE=@@SQL_MODE, SQL_MODE='NO_AUTO_VALUE_ON_ZERO' */;
/*!40111 SET @OLD_SQL_NOTES=@@SQL_NOTES, SQL_NOTES=0 */;
CREATE DATABASE /*!32312 IF NOT EXISTS*/`alantico_elantiguo2020` /*!40100 DEFAULT CHARACTER SET utf8 */ /*!80016 DEFAULT ENCRYPTION='N' */;

USE `alantico_elantiguo2020`;

/*Table structure for table `activo` */

DROP TABLE IF EXISTS `activo`;

CREATE TABLE `activo` (
  `idactivo` int(11) NOT NULL AUTO_INCREMENT,
  `fecha` date NOT NULL,
  `nro_factura` varchar(45) CHARACTER SET utf8 COLLATE utf8_general_ci NOT NULL,
  `id_cliente` int(11) NOT NULL,
  `condicion` varchar(1) CHARACTER SET utf8 COLLATE utf8_general_ci DEFAULT NULL COMMENT '0-contado/1-credito',
  `estado` varchar(1) CHARACTER SET utf8mb4 COLLATE utf8mb4_0900_ai_ci NOT NULL DEFAULT '1' COMMENT '1-activo/0-anulado',
  `id_timbrado` int(11) DEFAULT NULL,
  `id_documento` int(11) DEFAULT NULL,
  `remision` varchar(45) DEFAULT NULL,
  `id_plan_cuenta` int(11) DEFAULT NULL,
  PRIMARY KEY (`idactivo`),
  UNIQUE KEY `nro_factura_UNIQUE` (`nro_factura`),
  KEY `fk_activo_cliente1_idx` (`id_cliente`),
  KEY `fk_activo_timbrado_idx` (`id_timbrado`),
  KEY `fk_activo_documento_idx` (`id_documento`),
  KEY `fk_plan_cuenta_idx` (`id_plan_cuenta`),
  CONSTRAINT `fk_activo_cliente1` FOREIGN KEY (`id_cliente`) REFERENCES `cliente` (`id_cliente`),
  CONSTRAINT `fk_activo_documento` FOREIGN KEY (`id_documento`) REFERENCES `documento` (`iddocumento`),
  CONSTRAINT `fk_activo_timbrado` FOREIGN KEY (`id_timbrado`) REFERENCES `timbrado` (`id_timbrado`),
  CONSTRAINT `fk_plan_cuenta` FOREIGN KEY (`id_plan_cuenta`) REFERENCES `plan_cuenta` (`id_plan_cuenta`)
) ENGINE=InnoDB AUTO_INCREMENT=8 DEFAULT CHARSET=utf8;

/*Data for the table `activo` */

insert  into `activo`(`idactivo`,`fecha`,`nro_factura`,`id_cliente`,`condicion`,`estado`,`id_timbrado`,`id_documento`,`remision`,`id_plan_cuenta`) values (1,'2020-03-06','001-002-0001236',1120,'1','1',1,1,NULL,2),(2,'2020-03-07','	001-002-0001237',100,'2','0',1,1,'001-001-0000012',3),(3,'2020-03-19','001-002-0001238',2,'2','1',1,1,'001-001-0000013',4),(5,'2020-03-19','001-002-0001239',100,'1','1',1,1,'',2),(6,'2020-03-19','001-002-0001240',5,'2','1',1,1,'',2),(7,'2020-03-07','001-002-0001235',623,'1','1',1,1,'',3);

/*Table structure for table `caracteristica` */

DROP TABLE IF EXISTS `caracteristica`;

CREATE TABLE `caracteristica` (
  `id_caracteristica` int(11) NOT NULL AUTO_INCREMENT,
  `caracteristica` varchar(45) CHARACTER SET utf8mb4 COLLATE utf8mb4_0900_ai_ci NOT NULL,
  `estado` varchar(1) NOT NULL DEFAULT '1',
  PRIMARY KEY (`id_caracteristica`),
  UNIQUE KEY `marca_UNIQUE` (`caracteristica`)
) ENGINE=InnoDB AUTO_INCREMENT=5 DEFAULT CHARSET=utf8;

/*Data for the table `caracteristica` */

insert  into `caracteristica`(`id_caracteristica`,`caracteristica`,`estado`) values (1,'2 PUNTAS','1'),(2,'4 PUNTAS','1'),(3,'PUNTA REDONDEADA','1'),(4,'GALVANIZADO','1');

/*Table structure for table `categoria` */

DROP TABLE IF EXISTS `categoria`;

CREATE TABLE `categoria` (
  `id_categoria` int(11) NOT NULL AUTO_INCREMENT COMMENT 'tabla de productos fabricados',
  `categoria` varchar(50) CHARACTER SET utf8mb4 COLLATE utf8mb4_0900_ai_ci NOT NULL,
  `estado` varchar(1) CHARACTER SET utf8mb4 COLLATE utf8mb4_0900_ai_ci NOT NULL DEFAULT '1' COMMENT '0inactivo, 1activ',
  PRIMARY KEY (`id_categoria`)
) ENGINE=InnoDB DEFAULT CHARSET=utf8;

/*Data for the table `categoria` */

/*Table structure for table `cliente` */

DROP TABLE IF EXISTS `cliente`;

CREATE TABLE `cliente` (
  `id_cliente` int(11) NOT NULL AUTO_INCREMENT,
  `cliente` varchar(150) CHARACTER SET utf8mb4 COLLATE utf8mb4_0900_ai_ci NOT NULL,
  `ruc` varchar(45) CHARACTER SET utf8mb4 COLLATE utf8mb4_0900_ai_ci DEFAULT NULL,
  `contacto` varchar(45) CHARACTER SET utf8mb4 COLLATE utf8mb4_0900_ai_ci DEFAULT NULL,
  `telefono` varchar(45) CHARACTER SET utf8mb4 COLLATE utf8mb4_0900_ai_ci DEFAULT NULL,
  `email` varchar(45) CHARACTER SET utf8mb4 COLLATE utf8mb4_0900_ai_ci DEFAULT NULL,
  `localidad` varchar(45) CHARACTER SET utf8mb4 COLLATE utf8mb4_0900_ai_ci DEFAULT NULL,
  `celular` varchar(45) CHARACTER SET utf8mb4 COLLATE utf8mb4_0900_ai_ci DEFAULT NULL,
  `direccion` varchar(150) CHARACTER SET utf8mb4 COLLATE utf8mb4_0900_ai_ci DEFAULT NULL,
  `estado` varchar(1) CHARACTER SET utf8mb4 COLLATE utf8mb4_0900_ai_ci NOT NULL DEFAULT '1',
  PRIMARY KEY (`id_cliente`),
  UNIQUE KEY `cliente_UNIQUE` (`cliente`)
) ENGINE=InnoDB AUTO_INCREMENT=1123 DEFAULT CHARSET=utf8;

/*Data for the table `cliente` */

insert  into `cliente`(`id_cliente`,`cliente`,`ruc`,`contacto`,`telefono`,`email`,`localidad`,`celular`,`direccion`,`estado`) values (2,'4B S.A','80091477-5','','','','ASUNCION','','asuncion ','1'),(3,'4C SA','800950143','','','','X','','','1'),(4,'A P.R.O','80020874-9','','','','G','','','1'),(5,'ABEL ARENS','','','','','1','','','1'),(6,'ADALBERTO PEREZ','1045158-7','','','','1','','','1'),(7,'ADELA ','','','','','M','','','1'),(8,'ADELA DELFINA','379331-1','','','','.','','','1'),(9,'ADOLFINA ORTIZ','867571-1','','','','1','','','1'),(10,'ADOLFINA PIMENTOL / LA TOSCANA ','3700041-1','','','','1','','','1'),(11,'ADOLFO BAEZ','','RADIO DEL SOL','','','SAN IGNACIO MISIONES','782238890','san ignacio','1'),(12,'ADRIAN PORTIÑO','4792086','','','','ASUNCION ','','asuncion','1'),(13,'ADRIANA PIRIS','3990367-2','','','','1','','','1'),(14,'AGRO ECO S.R.L ','80029571-1','','','','ASUNCION','','asuncion','1'),(15,'AGROGANADERA LA FORTUNA SA','','EZEQUIEL/ LAURA ','','','1','992400176','capiata ruta 1 km 18','1'),(16,'AGROGANADERA TERERE RUPA','80033168-0','SANNI YAMBAI','','','ASUNCION','','asuncion','1'),(17,'AGROSOL PARAGUAY S.A','80093315-0','JUAN ALFREDO SANCHEZ (DIRECTOR)','213286125','','LUQUE','982910345','dr. gaspar rodriguez de francia','1'),(18,'AGUSTINA ZENA DE ARGUELLO','1051808-8','','','','S','','','1'),(19,'AIREANA','80034014-0','','','','1','','','1'),(20,'AJOS SUPERMERCADO SA','80078771-4','JUAN AQUINO','','','CDE','0992-28/5368','cde','1'),(21,'ALBA HESS','1704962-8','','','','1','','','1'),(22,'ALBARO ALISRO','','','','','','','','1'),(23,'ALBERDIN I.C.S.A','80002915-1','','021-2377070 /021 2376476','','ASUNCION','','asuncion','1'),(24,'ALBERTO GONZALES','1','','0985-910917 0985111199','','ENCARNACION','','calle proceres de mayo 120 frente de la comisaria 2','1'),(25,'ALBERTO SALVI','1','11','','','1','0971-147399','','1'),(26,'ALDO ZAGAIH','2217186-0','','','','1','','','1'),(27,'ALEANDRO SERVIAN ','2465445-8','','0994-714469','','ASUNCON','0994-714469','','1'),(28,'ALEJANDRA BRISUELA ','1.406167-8','','','','1','','','1'),(29,'ALEJANDRO ARREGO','1','1','','','1','','','1'),(30,'ALEJANDRO GUGGIDRI','1107489-2','','','','ASUNCION ','','asuncion','1'),(31,'ALEJANDRO NOGUERA ','4.073.712-8','','','','.','','','1'),(32,'ALEJANDRO SERVIAN ','2.465441-8','','','','1','','','1'),(33,'ALES S.A','80003296-9','PAUL / MARISOL','021-607937','','ASUNCION ','','molas lopez','1'),(34,'ALEXIS CALLAGHER','5151652-7','','','','.','','','1'),(35,'ALFRED KLASSEN  SANABRIA ','4256815-3','','','','ASUNCION ','0986-899074','asuncion ','1'),(36,'ALFREDO WOO','1','','','','1','','','1'),(37,'ALICIA DOS SANTOS ','781051-2','','','','ASUNCION ','','','1'),(38,'ALICIA TAPADORES','781051-2','','','','ASUNCION ','','','1'),(39,'ALIMENTOS ESPECIALES','80003296-9','','','','1','','','1'),(40,'ALIMENTOS INDUSTRIALES SRL','80092046-5','','','','ASUNCION','','asuncion','1'),(41,'ALIMENTOS Y SERVIVIOS SRL','8002202-4','TODO RICO','021-900001','','ASUNCION','','asuncion','1'),(42,'ALIN SRL','80092045-5','','','','1','','','1'),(43,'ALVARO ZAVALA','2887375-0','','','','X','','','1'),(44,'ALVERDIN ICSA','80002918-1','NESTOR TORRE','021 2376476','','X','','','1'),(45,'AMADITO COMERCIAL','80048545-9','','','','X','','','1'),(46,'ANA ALARCON /ELIOS','uip','LOURDES 0972-118197','','','ASUNCION ','ana alarcon 0991-907544','uip','1'),(47,'ANA CAROLINA RAMIREZ TORREZ','1202563-6','','','','S','','','1'),(48,'ANA EVELIN ARGUELLO BENITEZ','2589603-2','CRISTHIAN TORREZ','0992-323906','','ASUNCION','0972-528799','asuncion ','1'),(49,'ANA LEZCANO','2.537.412-5','','','','1','','1','1'),(50,'ANA RODAS','36170018-5','','','','ASUNCION','','avda asuncion','1'),(51,'ANA VASQUEZ','X','','','','SAN LORENZO','0981-436770','universidad nacional de asuncion facultad de agronomia','1'),(52,'ANA VAZQUEZ','1','','','','1','','1','1'),(53,'ANAMAR ','1371766-9','','','','ASUNCION ','','asuncion','1'),(54,'ANDRA TRABUCO','1','1','','','1','','1','1'),(55,'ANDRE DOMINIQUE BUONOMO','4272009-5','','','','A','','a','1'),(56,'ANDREA FERNANDA LUJAN DODOY ARIAS ','4.005.250','','','','SAN ANTONIO','0993-539856','san antonio','1'),(57,'ANDREA GODOY','1','','','','1','0993-539856','1','1'),(58,'ANDREA RIBEIRO BACIGALUPO','3.979.853-8','','','','X','','','1'),(59,'ANDRES VERA','V','','','','O','983744455','luque san lorenzo','1'),(60,'ANGEL GARCETE','3407387-6','','','','1','','1','1'),(61,'ANGEL LEON','7618454-9','','','','X','','','1'),(62,'ANGEL VERA','496628-7','','','','X','982619410','','1'),(63,'ANGELA BENITEZ STEGEN','11111','','','','NI IDE','','nose','1'),(64,'ANGELA BENITZ STEGEN','0','','','','ASUNCION','','centro','1'),(65,'ANIBAL SANCHEZ','567131-0','','','','1','','san jose de los arroyos','1'),(66,'ANICIENTO OVELAR','X','','','','X','','','1'),(67,'ANTONIO AREVALO NUÑEZ','984227-6','','','','.','','','1'),(68,'ANTONIO DELVALLE','1','','','','1','','','1'),(69,'ANTONIO FERNANDEZ ','1','1','','','1','','','1'),(70,'ANTONIO MACIEL','851788-6','','','','1','','','1'),(71,'ANTONIO NUñEZ','3273949-4','','','','X','','','1'),(72,'APASIC','800831835-3','','','','E','','','1'),(73,'ARACELI GIMENEZ','3.642.523-0','','','','X','','','1'),(74,'ARCANGEL SA','80015345-6','','','','1','','','1'),(75,'ARDIN','x','','','','X','','','1'),(76,'ARIEL DUARTE','1','1',' 0985-779129','','ENCARNACION','','','1'),(77,'ARIEL VILLALBA','1','LA ñECA','','','1','0984-246-316','','1'),(78,'ARNALDO ANDRES DUARE','1','1','','','1','','','1'),(79,'ARNALDO CHAPARRO','3856790','','','','1','','','1'),(80,'ARNALDO ECHAURI','907101-6','1','','','1','','','1'),(81,'ARNALDO GAUTO','X','','','','ASUNCION ','','asuncion ','1'),(82,'ARNALDO MARTINEZ','XXX','','0982-733734','','X','','bertoni 2492c/ gomercinto zona barrio san cristobal ','1'),(83,'ARNALDO RUIZ DIAZ','1','','','','1','','1','1'),(84,'ARQ. JULIA GOMEZ','868525-8','','','','1','','1','1'),(85,'ARQ. ROMAÑACH','1','','','','1','','1','1'),(86,'ART. LUZ SA','800074217-6','','','','ASUNCION ','','asuncion ','1'),(87,'ART. PAN SRL','80062380-0','','','','Z','','itagua','1'),(88,'ARTE PAN S.R.L.','80062380-0    ','','','','ITAUGUA ','0294-221 980','','1'),(89,'ASADO BENITEZ','80097808-4','.','','','.','','','1'),(90,'ASO DE PRODUCTORES O SERVICIOS','x','','','','Q','','','1'),(91,'ASOCIACION CIVIL COLONIA FRIESLAND','80012570-3','','','','.','','','1'),(92,'ASOCIACION LUZ Y VIDA ','80016535-7','CAMPO 9','','','1','','','1'),(93,'ASOCIACION PARAGUAYA DE FUTBOL','80025544-5','','','','1','','','1'),(94,'AUTORAMA FAST FOOR','1.615.217-4','X','061-501836','','CDE','','cde','1'),(95,'AUTOSERVICE LA ROCA','4213615-6','','','','A','','','1'),(96,'AVAI','1','','985122721','','IRUM','95125874','irum','1'),(97,'BAR SAN MIGUEL','80004928-4','CLAUDIA ','021) 206 047','','ASUNCION ','200555','avenida españa 1165, asuncion','1'),(98,'BASILIA OBANDO ','2950540','','','','1','','1','1'),(99,'BAZAN','1','1','','','1','','1','1'),(100,'BC SRL','800033347-0','','','','1','','1','1'),(101,'BDR GROUP S.A','80084255-3','','','','ASUNCION ','','asuncion ','1'),(102,'BEBIDAS DE PARAGUUAY SA','80022615-1','','969200','','NEMBY','962200','ñemby','1'),(103,'BELLAGIO S.R.L.','800907981','','','','.','','','1'),(104,'BELTRAN CHASE','798501-0','','','','1','','','1'),(105,'BELTROM S.A','80044691-7','','','','1','','1','1'),(106,'BENDITAS EMPANADAS ','1','ING. ORUE','(021) 608 379','','ASYNCION','','hector vera e/ denis roa y cnel. cabrera','1'),(107,'BENJAMIN FLEITAS ','1','','','','1','984304683','','1'),(108,'BERNARDO RIOS','1','','','','1','','','1'),(109,'BETTER FOOD SRL','80092020-1','','','','1','','','1'),(110,'BINGO PAR S.A','80004698-6','','','','Z','','','1'),(111,'BISPAR S.R.L','8008809-3','SAMYS','','','LAMBARE','','ni idea','1'),(112,'BIZPAR S.R.L.','80085809-3','','','','.','','','1'),(113,'BLACK TIE SERVICE SRL','80067294-1','','','','ASUNCION','0993-561372','manuel dominguez 4844','1'),(114,'BLANCA CAROLINA GONZALEZ','4766746-0','','','','1','','1','1'),(115,'BLANCA CELINA QUIÑONES ORTEGA ','2.530.034','','0971-536910','','CAPIATA ','','capiata ruta 1  km 19','1'),(116,'BLANCA GONZALES ','4756746-0','14','','','1','','nemby ','1'),(117,'BLANCA ROMAN','X','','','','X','','','1'),(118,'BOIS INDUSTRIAL S.R.L.','80088984-3','','','','.','','','1'),(119,'BONIMAR ','80062616-8','','','','Âº1','','','1'),(120,'BOSZ S.R.L.','80054477-3','','','','.','','','1'),(121,'BRICK STUDIO SRL','80045877-0','','','','ASUNCION','','avd. peru','1'),(122,'BRUNO BRITOS ','1','1','','','1','','1','1'),(123,'BUEN SABOR','1','MANUEL BENITEZ','','','LUQUE','0983-491149','javier bogarin c/ 14 de mayo','1'),(124,'BUENAVENTURA','80087255-0','','','','X','','','1'),(125,'C.F.N.1 COMAN JEFE','80007146-0','','','','1','','1','1'),(126,'CAFSA SA','80100318-0','','','','LAMBARE','','avda cacique lambare y maria axiliadora ','1'),(127,'CAMAMBA VIDAL DOMINGUEZ','1911916','','','','ASUNCION','0981-377-247','asuncion ','1'),(128,'CAMAMBU','1','','','','1','','1','1'),(129,'CAMBUBAR CAMPANY SRL','80048992-6','','','','1','','1','1'),(130,'CANTINA TIA NIDIA','4176236-3','1','','','1','','asunncion','1'),(131,'CARLOS A. GONZALEZ','1','','','','1','','1','1'),(132,'CARLOS BRIZUELA ','1','CARLOS BRIZUELA','','c.a.cbrizuela@gmail.com','1','0991-714 976','1','1'),(133,'CARLOS CACERES','1','1','','','1','','1','1'),(134,'CARLOS CASURIAGA','1','','','','.','0984-265-994','benjamin aceval','1'),(135,'CARLOS DOMANISK','x','X','x','','X','','','1'),(136,'CARLOS DOMINGUEZ','XX','X','X','','X','','','1'),(137,'CARLOS FERREIRA ','710894-0','1','','','1','','','1'),(138,'CARLOS FRANCO ','1','1','','','1','','','1'),(139,'CARLOS MACIEL','1.875.229-2','','','','1','0985-797302','','1'),(140,'CARLOS MARTINEZ','3910469-9','','','','1','','','1'),(141,'CARLOS ORTIZ','644266-8','','','','1','','','1'),(142,'CARLOS PELADO','1','','','','1','','','1'),(143,'CARLOS SANABRIA','X','X','0981-173 953','','PUERTO PABLA','','puerto pabla ','1'),(144,'CARLOS SOSA','3120466-3','','5,44E+11','','PUERTO ELSA','5,44E+11','puerto elsa ','1'),(145,'CARLOS TROCHES','1','','','','SAN PEDRO','','san pedro','1'),(146,'CARLOS VERA','x','','','','Q','','','1'),(147,'CARMEN BOBADILLA','2.020.929','','','','ASUNCION ','0992-938432/0991-826719','acceso sur ','1'),(148,'CARMEN IBARRA','4231830-0','1','','','1','','1','1'),(149,'CARMEN OROVIOLA / SABORES DE LA TIA CARMEN','1.582145-5','','','','CAAGUAZU','0982-410955','caaguazu','1'),(150,'CAROLINA GIMENEZ','W','','','','T','','','1'),(151,'CARORINA EVERES / CARLOS MACIEL ','1','','','','SAN ANTONO (HACIA CASA DE WILLIAN)','0981-602440/0985-797302','aveda central c/ ita yvate','1'),(152,'CASA CHACO SA','80024733-7','','','','1','','1','1'),(153,'CASA CRISTHI','1','1','','','1','','12','1'),(154,'CASTOR AREVALOS','1229549-3','','','','1','','1','1'),(155,'CATERING GROUP S.A','80107841-5','','','','1','','1','1'),(156,'CBC. GROUP S.A','80095840-3','','','','XXX','','','1'),(157,'CECILIA AVILA','000000-0','','0981-802-288','','ASUNCION ','','asuncion ','1'),(158,'CECILIA BENITEZ ','4205506','','','','ENCARNACION','0985-779936','encarnacion','1'),(159,'CECILIA FLORENTIN ','1','1','','','1','','1','1'),(160,'CECILIA GAVILAN ','3306859-3','','','','X','','','1'),(161,'CELESTINO SOSA','2377956','','','','1','','1','1'),(162,'CEMA PARAGUAY','80025168-7','','','','1','','1','1'),(163,'CENTRO COMERCIAL RENACER / JORGE BOGADO CABRE','3.786.591-9','','0981-882906','','1','','1','1'),(164,'CENTRO GAROFALO','80031417-4','','','','ASUNCION ','','asuncion','1'),(165,'CESAR  SUPERMERCADO SANTANI','000000-0','','0975-550-679','','SANTANI','','santani','1'),(166,'CESAR AQUINO ','0000000-0','','0984-432-558','','CAPIATA ','','capiata ','1'),(167,'CESAR CASE','1','','','','1','','1','1'),(168,'CESAR DEL PUERTO LT','0000000-0','','0992-296-572','','LIMPIO ','','limpio','1'),(169,'CESAR GALENO','80029396-7','','0982-392924','','1','','1','1'),(170,'CESAR MARTINEZ','1','','','','1','','','1'),(171,'CESAR MERCADO','1','','','','1','','','1'),(172,'CESAR SANTA CRUZ','191018','JAIME ESCURRA','','','1','0981999770-700','','1'),(173,'CESAR TORRES','Z','','','','SANTANI','','','1'),(174,'CHACO POTY SACI','80029756-3','','','','ASUNCION ','','','1'),(175,'CHACOMER SAE','80013744-2','','','','ASUNCION ','','eusebio ayala','1'),(176,'CHADI ISSA','2509347-9','','','','1','','','1'),(177,'CHIPERIA 3KP SRL','80096652-0','','','','Z','','','1'),(178,'CHIPERIA DON PIPO','1','','','','.','','','1'),(179,'CHIPERIA LA CAACUPEÑA','x','','','','ASUNCION ','','asuncion ','1'),(180,'CHIPERIA MARIA ANA','X','MARIA ANA / VICTOR JOSE','','','CORDILLERA','0981-868.425 / 0986-296558','cordillera ','1'),(181,'CHIPERIA SANTA RITA','1','','','','LUQUE','','luque','1'),(182,'CHIPERIA Y HELADERIA CRISTI','2637474-9','','','','X','','','1'),(183,'CHRISTIAN RAMON DUARTE ','3216363','','','','UNION SANTA NI ','983375999','union sata ni','1'),(184,'CHRISTIAN SALDIVAR ','3409773','','','','ASUNCION ','991473518','barrio republicano','1'),(185,'CIRILA CENTURION','1','','','','1','','','1'),(186,'CIRILO VILLALBA','X','','986932890','','SS','0986-380415','','1'),(187,'CLARA BOGADO','441896-4','','200802','','A','','','1'),(188,'CLARA LUGO ','1','','','','ASUNCION ','','16 proyectada 1132/casi brasil','1'),(189,'CLAUDIA CINO ','1229616-3','','','','ASUNCION ','','asuncion ','1'),(190,'CLAUDIA MAYOR','1884561-4','','','','1','','','1'),(191,'CLAUDIA ROJAS ','9092505-6','','','','.','','','1'),(192,'CLAUDIO BAEZ','X','X','X','','X','','','1'),(193,'CLEMENTINA ESCOBAR ','3927057','','','','ASUNCION ','','asunicion','1'),(194,'CLUB LIBERTAD','80029208-1','','','','ASUNCION','','avd. geneal jose gervasio artigas','1'),(195,'COCILAC SRL','80039787-6','','','','1','','','1'),(196,'COEXMA SRL','80053510-3','NANCY','','','1Âº','','','1'),(197,'COMERCIAL ALICE ','1','Âº','Âº','','1','Âº0971-833234','','1'),(198,'COMERCIAL BLANCA NIEVES','688279-0','','','','X','','','1'),(199,'COMERCIAL EL CAMPEON','1149500-6','','','','1','','','1'),(200,'COMERCIAL FAMA','80028527-1','','','','X','','','1'),(201,'COMERCIAL LA CHAQUEÑA ','954534-4','JUAN CARLOS SANCHEZ BOGARIN','240330','jc_chaquena@hotmail.com','CONCEPCION ','','screibert c/ don bosco','1'),(202,'COMERCIAL LETI','X','X','X','','X','','','1'),(203,'COMERCIAL MARIA INES','1379802-2','','','','CONCEPCION ','','concepcion','1'),(204,'COMERCIAL PARATODO','000000-0','PEDRO ERSA','0983-445-489','','YBY YAU','0981-503-818','yby yau','1'),(205,'COMERCIAL SAN CAYETANO RSL','80024659-4','','','','LUQUE','','luque','1'),(206,'COMERCIAL VIRGEN DEL ROSARIO S.R.L','80028327-9','','','','A','','','1'),(207,'COMERCIAL Y PANADERIA DON REMIGIO','1531755-2','','','','CARAPEGUA','','carapegua','1'),(208,'COMERCIAL ZV ','2461558-7','','','','1','','','1'),(209,'COMERCIALÑEMITY SRL','80029396-7','','','','1','','','1'),(210,'COMO EN CASA','3804335-1','','','','CARAPEGUA','','carapegua','1'),(211,'CONFITERIA ALEMANA','1060008-6','','','','1','','1','1'),(212,'CONFITERIA CAMBA','N','','','','G','','','1'),(213,'CONFITERIA LA PASTELERA','475105-1','','','','1','','1','1'),(214,'CONSORCIO HOTELERO SUDAMERICANO','80003755-3','','','','1','','1','1'),(215,'CONV. DE LOS PASL. DE LAS  IGL. MENN. DEL PY','80029298-7','','021-582849','','SAN LORENZO ','','mayor vera nro 355 ','1'),(216,'COOPASAM LTDA ','80005645-0','','','','ASUNCION ','','asuncion ','1'),(217,'COPALSA ','80002217-3','','','','1','','','1'),(218,'CORINA HIEBL','80074217-6','LA NEGRITA  /ART,LUZ.SA','','','1','021-310712/ 925460','','1'),(219,'CRISTAN SALDIVAR','M','','','','M','','','1'),(220,'CRISTHIAN GONZALEZ','1','','9822338792','','X','0981-148960','yataity casa 536','1'),(221,'CRISTIAN OJEDA','X','','','','.','','','1'),(222,'CRISTINA BAREIRO','X','','0982-812719','','X','','','1'),(223,'CRISTINA BENITEZ','1','','','','1','','','1'),(224,'CRISTINA DUARTE','1','1','1','','1','1','','1'),(225,'CRISTINO ESCOBAR FRETES ','2228192','','','','LUQUE','','luque ','1'),(226,'CT CONTRUCCIONES ','937613-5','','','','X','','','1'),(227,'CYNTHIA VERA TALABERA','381838-1','','','','VILLARICA','','villarica ','1'),(228,'D ANGELO S.A','80088269-5','','','','X','','','1'),(229,'D Y M REPRESENTACIONES','1','GUSTAVO NOGUERA ','','','ASUNCION ','0971-123377','asuncion','1'),(230,'D Y V MEDIFARMA S.A ','80029673-7','','','','ASUNCION ','','asuncion','1'),(231,'D.G.A.F','80026205-0','','','','1','','1','1'),(232,'DA SRL','80023800-1','','','','ASUNCION','','asuncion','1'),(233,'DAHIANA SANCHEZ ','2032201','','','','ASUNCION ','','asuncion','1'),(234,'DAMARIS WRUBET PNT','4.906.140','1','','','1','','1','1'),(235,'DAMIAN CARDOZO','1','1','','','1','','1','1'),(236,'DAMIAN PEREZ VILLALBA','1457813-1','REGINA PEREZ VILLALBA ','0336-272740','','PEDRO JUAN CABALLERO ','','pjc','1'),(237,'DANIEL BRAUN','1504309-6','','','','1','','1','1'),(238,'DANIEL JARA ','0000000-0','','','','VILLA ELISA ','0984-157-768','tres bocas villa elisa. referencia_ playa de auto ','1'),(239,'DANIEL MONTIEL ','4.014.660','','','','AMIGO DE VICTOR BIOX','0981-465801','','1'),(240,'DANTE RECALDE','647524-2','','0981-365317','','X','1986745425','','1'),(241,'DARIO CACERES ','488067-7','','','','ASUNCION','','centro','1'),(242,'DARIO GARCIA ','6620629','','','','1','0971-227144','1','1'),(243,'DARIO GONZALEZ ','2.247.819-1','','','','1','','1','1'),(244,'DARIO VERA ','2605819-7','','','','ASUNCION ','','asuncion ','1'),(245,'DAVID COLMAN','O','DAVID','0972-854085','','CAAGUAZU','0972-854093','caaguazu','1'),(246,'DAVID CRISTALDO','1','','0994-985100','','1','0981-123004','','1'),(247,'DAVID GALEANO','2','','','','.','','','1'),(248,'DE POOL S.A ','80096491-8','','','','ASUNCION ','','asuncion ','1'),(249,'DELEITE S.R.L','80089957-1','','','','ASUNCION','','asuncion','1'),(250,'DELFIN UGARTE','M','','0982-180182','','U','','','1'),(251,'DELIA CASTILLO ','1','GUIDO ','','','1','0972-997926','1','1'),(252,'DELMAS LUIGI','888767-5','DELMA LUIGI ','','','ASUNCION ','','av. general maximos santos esquina tte garay numero 1962 interior 300973','1'),(253,'DEMETRIA RIOS','1353031','','','','.','','','1'),(254,'DENESIS SANCHEZ','4318430-8','','','','X','','','1'),(255,'DENIS ARIEL GAMARRA','5128591','','','','1','','','1'),(256,'DEOLINDA FERNANDEZ','1','','','','1','','','1'),(257,'DEPOUL SA','80096491-8','','','','1','1','','1'),(258,'DERLIS ARIEL GAMARRA','5128591','','','','1','','','1'),(259,'DERLIS DIAZ','X','','0994-155966','','A','','','1'),(260,'DERLIS SERNA','1','','','','1','','','1'),(261,'DEROPAR S.A.','80085780-1','','','','.','','','1'),(262,'DESPENSA DANIEL','1183770-3','','','','Q','','','1'),(263,'DESPENSA FABY','1','','','','.','','','1'),(264,'DESPENSA ÑA RAMONA','X','','0986-602670','','VILLA HALLES','','villa hayes','1'),(265,'DEUFSCH IMPORT SRL','80040835-7','','','','1','','','1'),(266,'DGAF','80026205-0','','','','1','','','1'),(267,'DIANA ALFONSO','2.952482-2','','','','1','','','1'),(268,'DIEGO BITTAR','1357402-7','','','','1','','','1'),(269,'DIEGO COLMAN ','3519445-6','','','','.','','','1'),(270,'DIEGO FERNANDO SOSA ALARCON','2618023-5','X','X','','X','','','1'),(271,'DIEGO KALLSEN','1.886.049-4','1','','','1','','','1'),(272,'DIEGO LEON','X','X','X','','X','','','1'),(273,'DIEGO LOPEZ ','3.714.599-1','','','','1','','','1'),(274,'DIEGO QUINTANA','2390137-3','','','','AQ','','','1'),(275,'DIEGO RAMIREZ','24698687','','','','XXXXX','','','1'),(276,'DIEGO SAMANIEGO','2925627-5','','','','X','','','1'),(277,'DIGNA ','4858163','','0983-110 785','','VILLA HAYES ','0981-657587','villa hayes','1'),(278,'DIGNO ROA','2545889-2','','','','A','','avd asu.','1'),(279,'DIOSNEL FERREIRA ','X','','','','ASUNCION ','','asuncion','1'),(280,'DIRECTA S.R.L.','80021767-5','','','','.','','','1'),(281,'DISTRIBUIDORA COMERCIAL IRENE SRL','800092332-4','CARRIZA','','','TOBATI','0991-744384','tobati','1'),(282,'DISTRIBUIDORA MANA ','3770744-2','','','','CAMPO 9','','campo 9','1'),(283,'DOMINGO RAMIREZ ','3667359-5','','','','1','','','1'),(284,'DOMINGUEZ RAMIREZ','3667359-5','','','','.','','','1'),(285,'DON FERREIRA','1','','','','1','','chacarita','1'),(286,'DON PAPALO','80094359-7','','','','ASUNCION','','asuncion','1'),(287,'DORA GIMENEZ','4355545','','0992-749197','','ASUNCION ','','jose asuncion flores c/rca francesa nro 1746','1'),(288,'DOS HACHE S.A','80101437-9','','','','1','','','1'),(289,'DPOOL S.A.','80096491-8','.','','','.','','','1'),(290,'DUARTE (ALBEDI)','2','','','','.','','','1'),(291,'DULCE COMPAÑIA S.A','80080716-2','','','','ASUNCION ','','asuncion','1'),(292,'DULCE MARIA','1142919-4','RAMON MALDONADO','0981-486751','','LIMPIO','0992-290 767','limpio - luque','1'),(293,'DYM REPRESENTACIONES / GUSTAVO NOGUERA ','3295034-9','1','','','1','','','1'),(294,'E Y G S.A','80079280-7','','','','Z','','','1'),(295,'E. ANTONIA VALLEJOS','1','','','','1','','','1'),(296,'ECOMAX','929439-2','','','','N','','','1'),(297,'ECONOMIA MAXIMA SA','80099675-5','','','','0','','','1'),(298,'EDELIO TORRES','1','','','','1','','','1'),(299,'EDGAR NUÑEZ','294568-1','','','','1','','','1'),(300,'EDGAR PEDROSO','1','','','','ASUNCION ','986673400','españa 1352c/ medicos del chaco ','1'),(301,'EDGAR PEDROZA','582284-0','','','','1','','13','1'),(302,'EDGAR SAMANIEGO','3.619.364-0','','','','1','','1','1'),(303,'EDIDT DE DUARTE','1','1','','','1','','1','1'),(304,'EDILBERTO ACOSTA','1192103-0','','','','SANTANI','','santani','1'),(305,'EDITH DE DUARTE ','X','','','','CORONEL BOGADO','986285707','coronel bogado','1'),(306,'EDITH ORUE ','860524-6','','','','ASUNCION','','asuncion ','1'),(307,'EDITH SALINAS','634416-0','','','','1','','','1'),(308,'EDITORIAL EL PAIS','80004242-5','','','','A','','','1'),(309,'EDUARD KLASSEN','702126-7','','','','1','','','1'),(310,'EDWIN BRITEZ','519304-4','','','','ASUNCION','','asuncion','1'),(311,'EL ALEMAN ','80099833-2','','','','ASUNCION ','0961-324786','asuncion ','1'),(312,'EL ANTOJO','X','X','X','','X','X','','1'),(313,'EL GUEMBE HELADERIA','1','DIEGO 0985102826','0741-252562','','CNEL. BOGADO','986285707','','1'),(314,'EL PULPO (EDGAR)','1','11','','','1','0981-315595','','1'),(315,'ELABORACION DE ALIMENTOS CORTO GOURMET SRL','80101531-6','','','','1','','','1'),(316,'ELBA DURE','547194-0','','','','L','','','1'),(317,'ELECTRO FERBAZAR','X','XX','X','','X','','','1'),(318,'ELENA MACIEL','4.680.998-8','','','','','','','1'),(319,'ELENA RAMIREZ','3.448.133-8','','','','X','','','1'),(320,'ELISAVET MACHAIN','812186-9','','','','X','','','1'),(321,'ELSA BOGARIN','1','1','','','1','','','1'),(322,'ELSA PALACIOS','1948200-3','','0982-131508','','1','','','1'),(323,'EMBAJADA CRISTIANA DEL PY','80033651-8','','','','K','','','1'),(324,'EMIGDIO CUENCA','1','0982-987272','0981-418785','','SAN LORENZO','','la victoria','1'),(325,'EMILCE ESCURRA / ENRI ESCURRA','1','CLIENTE DE VICTOR BIOX','','','LAMBARE','','lambare','1'),(326,'EMILCE ESPINOLA','2.352.070','','','','0','','0','1'),(327,'EMILCE PARECO MAIDANA ','3487402-6','','','','ASUNCION ','0981-273911','avda artigas 3430 ','1'),(328,'EMILCE SOSA','4.627.565-7','','','','CAPIATA','','capiata','1'),(329,'EMILIO FERNANDEZ','3103822-6','','','','1','','','1'),(330,'EMILIO GARCETE','1','','','','1','0981-491715','','1'),(331,'EMMA ALDERETE DE FURLER','1287112-5','','','','1','','','1'),(332,'EMMANUEL RIVAS','3.8683791-7','','','','1','','','1'),(333,'EMOTION S.A','80071337-0','','','','C','','','1'),(334,'EMPANADAS FAMA','1','1','','','1','','','1'),(335,'EMPANADAS LA NECHA','1','POLI','','','PIRAYU','0981-887944','','1'),(336,'EMPRENDIMIENTOS GLOBALES SRL','80076876-0','','','','1','','','1'),(337,'EMPRENDIMIENTOS SANTA LUSIA','80027878-0','','','','1','','','1'),(338,'EMPRETENA S.R.L.','80099151-6','','','','ASUNCION ','','asuncion','1'),(339,'ENGADI SRL','800325915','','','','MRA','','mariano roque alonzo','1'),(340,'ENRIQUE FRETEZ','4500915-5','','','','1','','1','1'),(341,'ENRIQUE GARCETE Y MILGA DOMINGUEZ','1','','0991-91-9657','','ITA','0991-419277','ita','1'),(342,'ENRRIQUE REMMELE SACI','80008448-9','DELIA ','299575','magali.costa@ersa.com.py','ASUNCION ARTIGAS','0985-757951','tte. julian insfran 148 c/ inglaterra','1'),(343,'ENRRIQUE VALENZUELA','1','','','','1','','','1'),(344,'ERICK JAEGER','7422273-2','ANDRES Y MICHELLE','','','.','','','1'),(345,'ERICK MORIN','3251439-5','','','','.','','','1'),(346,'ERICO DIARTE','1','RESTAURAN COPA CABANA','','','CDE','0983-718070','cde','1'),(347,'ERIKA WOITSCHACH','3.983144-2','','','','1','','','1'),(348,'ERNESTO ROLON','X','X','0982-353766','','X','','','1'),(349,'ERNESTO TORALES','2.378.215-3','1','','','1','','','1'),(350,'ERNESTO WILLMS','6077739-0','X','X','','X','','','1'),(351,'ESCUELA  SAN ISIDRO LABRADOR','80004798-2','','','','1','0982-854493','','1'),(352,'ESCUELA SAN ISIDRO ','80004748-2','','','','ASUNCION ','','asuncion','1'),(353,'ESCUELA SANTA FE/ GUSTAVO','1','GUSTAVO','','','1','','','1'),(354,'ESMILCE BEATRIZ MARECO MAIDANA','3487402-0','','','','XXXX','','','1'),(355,'ESPOSA DE IRUM','1','','','','1','','','1'),(356,'ESPRESSP SRL','80100753-4','1','','','1','','','1'),(357,'ESSEN SRL','80054952-0','1','','','1','','','1'),(358,'ESTABAN RIVAS CHIPERO ','989934','','0971-284346','','PARAGUARI ','0991-667994','paraguari ','1'),(359,'ESTACION BAHIA S.A','80016742-2','','021-284235 ','','CENTRAL','0983-241455 tesoreria facturacion ','','1'),(360,'ESTEBA VILLALBA','309214-3','','','','1','','','1'),(361,'ESTELA ITAUGUA','XXXXX','','','','ITAUGUA','0985-886-793','itaugua','1'),(362,'ESTER DAUJERO','1','11','','','FORMOSA','0971-999777','','1'),(363,'ESTER ESPINOLA','1','1','','','1','','','1'),(364,'ESTER RECALDE','1','1','','','1','','','1'),(365,'EURICO PEREZ','1465256-0','','','','1','','','1'),(366,'EURO GOLDEN','80026137-2','','','','.','','','1'),(367,'EUSTAQUIA ALIENTE ','X','','','','ASUNCION ','','asuncion ','1'),(368,'EUSTAQUIA DE CUBILLA ','000000-0','','','','ASUNCION ','','asuncion ','1'),(369,'EVA LOPEZ ','5287144-4','','','','1','','','1'),(370,'EVANGELISTA SAUCEDO','1.111.234-4','','021-597016','','1','','','1'),(371,'EVELIO TORREZ CORONEL','2419206','','','','1','','','1'),(372,'EVENTOS Y SERVICIOS ','80063493','','','','1','','','1'),(373,'EVER BLANCO ','2051251','','','','ASUNCION ','','asuncion','1'),(374,'EVER NUÑEZ','4537649','','','','X','','','1'),(375,'EVER RAMIREZ','3490414','','0961-617858','','ASUNCION ','0972-121843','tabytera 1688 c/chamacoco aldito 4 mojon 1 1/2 despensa karina','1'),(376,'EXPRES INN. SA','80070011-2','1','','','Âº1','','','1'),(377,'EXXA GREEN SRL','80098084-0','','','','ASUNCION','','macal lopez','1'),(378,'EZEQUIEL / CABALLARO','1','1','1','','1','','1','1'),(379,'FABIANA GALEANO BENITEZ','1','','','','1','','1','1'),(380,'FABIOLA  SA','80022158-3','','','','1','','1','1'),(381,'FABION PAREDES ','2998741-5','','','','ASUNCION ','','asuncion ','1'),(382,'FABRICIO ARRUA','34801397','','','','.','','','1'),(383,'FAMILY GROUP SRL','80052084-0','1','','','1','','','1'),(384,'FANNY ALARCON','1571789-2','','','','J','','','1'),(385,'FANNY GIMENES JARA ','1','','','','LUQUE ','0961-100974','','1'),(386,'FARMIDES DEL VALLE','000000-0','DEL VALLE ','205366','','ASUNCION ','','asuncion ','1'),(387,'FATIMA CHANSIN','1','','','','1','','','1'),(388,'FATIMA JARA ROJAS','1','','','','1','','','1'),(389,'FATIMA MIRANDA','X','','0981-493652','','W','','','1'),(390,'FATIMA QUINTANA ','1','','','','VILLARRICA','0981-760562','villarica','1'),(391,'FAUSTINA GALEANO','X','.','','','YBICUY','0986--115975','rincon guazu','1'),(392,'FAVESA','2','2','','','2','','2','1'),(393,'FELIPE AGUAYO','437819-9','X','','','X','','x','1'),(394,'FELIPE DIAZ ','X','','','','ASUNCION ','','asuncion ','1'),(395,'FELIPE FLEITAS - TOBATI','1','','','','1','','','1'),(396,'FELIPE GARCETE','1','','','','E','','','1'),(397,'FELIPE PEREIRA','1','','','','1','','','1'),(398,'FELIX FLEITAS ','1','1','0971-884951','','1','0976-138803','','1'),(399,'FERMIN Y VIQUI','0','','0982-296124','','MARIANO ROQUE ALONZO','','asuncion ','1'),(400,'FERMINA CUENCA','1','','','','1','','1','1'),(401,'FERMINA LOPEZ AREVALO','7084680','','','','ASUNCION ','0984-261434','asuncion','1'),(402,'FERMINA PORTILLO FRANCO','3932279-3','1','','','1','','dr. vasconcellos 581 c / tt miranda','1'),(403,'FERNANDO AGUERO ','1','1','','','1','0982-246493','1','1'),(404,'FERNANDO GIMENEZ','1591227-2','','','','1','','1','1'),(405,'FERNANDO HELLMERS','1.570.363-8','','','','ASUNCION ','0981-496687','lilio casi gumercinto sosa','1'),(406,'FERNANDO MINARDI','3610605-4','X','x','','X','x','','1'),(407,'FERNANDO OCAMPOS VILLALVA','2877320','','','','1','0982-433613 HECTOR','','1'),(408,'FERNANDO TABOADA','X','','983467630','','ASUNCION ','','asuncion','1'),(409,'FERNANDO VEGA','1848526-0','','','','S','','','1'),(410,'FLOR DE COCO','80081845-5','','','','.','','','1'),(411,'FOOD Y CLEANING S.A','80058383-3','','x','','X','','','1'),(412,'FORTTINVEST PARAGUAY SRL','80080191-1','','','','1','','','1'),(413,'FRANCISCO ENCISO ','X','','','','ASUNCION','','asuncion ','1'),(414,'FRANCISCO JAVIER ROLON ','770020','','','','ASUNCION ','','asuncion','1'),(415,'FRANCISCO MEDINA','897986-3','','','','1','','','1'),(416,'FRANCISCO SENTURION','1','','','','1','','','1'),(417,'FREDDY ROMERO','1040229-2','','','','1','','','1'),(418,'FU CHIN','7','','','','R','','','1'),(419,'FUCHIM','1','','','','G','','','1'),(420,'FUERTE VENTURA DE MERCEDES MELIAN ','3.574829-0','','','','1','','','1'),(421,'FUNDA PRAVA','80079669-1','','','','1','','','1'),(422,'FUNDACION EL CANTARO ','80052130-7','','','','1','','','1'),(423,'FUNDACION VIRGEN DE FATIMA','80019477-2','','','','.','','','1'),(424,'FUNDACIoN VIRGEN DEL CARMEN ','80019477-2','DAVID FRANCA','021-660307','','ASUNCION ','','asuncion','1'),(425,'G J EMPRENDIMIENTOS','80060072-0','X','X','','X','','','1'),(426,'G.J EMPRENDIMIENTOS ','1','','','','1','','','1'),(427,'GABRIELA VALLEJO','567339-9','','','','ASUNCION ','','','1'),(428,'GAIA SRL','80023216-0','','','','ASUNCION ','','asuncion','1'),(429,'GANANCIAS Y SERVICIOS SA','80094094-6','HECTOR GERENTE 0981-860-588 ENCARGADA  LIZ 09','patricia compras ','','ASUNCION ','0972-430414','aviadores del  chaco jonny bgood ','1'),(430,'GENECIZ RECALDE','4220802-5','','','','1','','1','1'),(431,'GESTION DE SERVICIOS','800409396','','','','1','','1','1'),(432,'GIGA VELOZ SA','80107118-6','','','','1','','1','1'),(433,'GILBERTO GARAY MERECO','000000-0','','','','ASUNCION ','981498378','asuncion ','1'),(434,'GIRASOL S.A.','80065884-1','.','0981-443499','','CARAPEGUA','','carapegua','1'),(435,'GIRESA SA','80089482-0','','','','ASUNCION ','','asuncion','1'),(436,'GLADIS RAMIREZ','1','1','','','1','','1','1'),(437,'GLASE S.A','80100284-2','','','','ASUNCION ','','asuncion','1'),(438,'GOD`S PAN SA','800022629-1','','','','1','','1','1'),(439,'GODDARD CATERING GROUP PY S.A','80026071-6','MARCELO','','COMPRAS@GCGASU.COM.PY','ASUNCION ','0984-860054','antigua terminal aerea','1'),(440,'GOEL CACERES','3839251-8','','','','1','','','1'),(441,'GOMEZ Y SANCHEZ SRL / POLLOS DON JAN ','80107837-7','1','','','1','','','1'),(442,'GOMTA S.A.','80092577-7','','','','.','','','1'),(443,'GONZALO VERA','1','','','','1','0984-572129','','1'),(444,'GREGORIO RAFAEL PATIÑO','860251-4','','','','ASUNCION ','','asuncion','1'),(445,'GRIMM SAN BERNARDINO ','000000-0','','0983-768858','','SAN BERNARDINO ','983768858','san bernardino ','1'),(446,'GRUPO 3K SA','80092491-6','','','','1','','1','1'),(447,'GRUPO A.F.A S.A.','80105971-2','','','','1','986444207','caaguazu c/ medicos del chaco','1'),(448,'GRUPO AGUA VIVA S.R.L','80074550-7','','','','ASUNCION','','barrrio san pablo','1'),(449,'GRUPO BAHIA','80016742-2','','021-284 235/7','','ASUNCION','','asuncion','1'),(450,'GRUPO BARRIOS','80099696-8','','','','1','','','1'),(451,'GRUPO CORTEZA S.R.L','80046471-0','','','','X','','','1'),(452,'GRUPO EMA SA','80087316-5','','','','W','','','1'),(453,'GRUPO LEO S.R.L','80039029-6','','490333/ 604248/451423','contabilidadrrhhbarleo@gm','ASUNCION ','0985-703-648/ augusto 0982-323740','centro','1'),(454,'GRUPO M S.A','80087316-5','','','','A','','','1'),(455,'GRUPO NOVA SA','80092008-2','','','','1','','','1'),(456,'GRUPO SPI SA ','80086585-5','','','','1','','','1'),(457,'GS FOODS SRL','80083638-3','','','','Z','','','1'),(458,'GUADALPE ELICECHE ','748099','','','','ASUNCION ','','barrio herrera ','1'),(459,'GUADALUPE PRIETO ','5058767-6','','','','SANTANI','','santani','1'),(460,'GUAPO`Y DEL MONTE','80028937-4','','','','ATYRA','','monte alto','1'),(461,'GUEGO LENTO SA','80090844-0','','','','1','','asuncion','1'),(462,'GUIDO GABRIEL CASTRO','4277417-9','','','','1','','','1'),(463,'GUILLERMINA FRANCO','373090-5','','','','1','','','1'),(464,'GUILLERMINA RODRIGUEZ','808867-5','','','','.','','','1'),(465,'GUILLERMINA VAZQUEZ','2.666.162-4','','','','1','','','1'),(466,'GUILLERMO CRESPO','4261186-5','','','','1','','','1'),(467,'GUSTAVO ALIENDE ','2826725','VENDEDORA DE HILARIO','0981-312912','','CAAZAPA','',' caazapa ','1'),(468,'GUSTAVO CACERES','1704962-8','','','','1','','1','1'),(469,'GUSTAVO CILIA','1854677','1','','','1','','1','1'),(470,'GUSTAVO FLORES ','2.219.455-0','1','','','1','','1','1'),(471,'GUSTAVO JAVIER GONZALEZ CAMPO 9 ','3750069-4','','','','ASUNCION ','0972-588.526','asuncion ','1'),(472,'GUSTAVO MATIAS MICHOELIS','1','','','','1','','','1'),(473,'HANS NORBERT SIEMENS KOOP','2671-574','1','','','1','','','1'),(474,'HASSAN HIJAZI','1','','','','1','','','1'),(475,'HAYASHI K AKITO','2164360-1','','','','Z','','','1'),(476,'HAYDEE GIMENEZ ','96216-3','','','','ASUNCION ','','asuncion ','1'),(477,'HECTOR AUGUSTO ','1','1','','','1','','1','1'),(478,'HECTOR DAVID MARTINEZ','1','','','','1','','1','1'),(479,'HELADERIA SAN BERNARDINO / RODRIGO/ ITALIANO ','1','RODRIGO / ITALIANO','','','SAN BERNARDINO','0981-245685','san bernardino','1'),(480,'HELADERIA LOS CHINOS / LUCRECIA JOFFRE','7.599.636-7','','','','ENCARNACION','','encarnacion','1'),(481,'HELADERIA LUMA','664089-3','','','','D','','','1'),(482,'HERIBERTO CAMPUZANO','705668-0','','','','.','','','1'),(483,'HIERRO PLUS','80025298-5','','','','CAPIATA','','','1'),(484,'HIGINIA','0000000-0','','0986-208-513','','VALLEMI','0982-535-489','vallemi','1'),(485,'HIJAS DE FELICIANA DE FARIÑA S.R.L','80003106-7','','','','XXXXX','','','1'),(486,'HIJAS DE LA MISERICORDIAS ','80028744-4','','','','1','','','1'),(487,'HILAGRO S.A','80030229-0','','','','X','','','1'),(488,'HILARIO BOGADO','1.591475-5','','','','ASUNCION ','','asuncion','1'),(489,'HIPER VELOZ S.A ','X','','','','ASUNCION ','','asuncion ','1'),(490,'HIROSHIMA SRL','80054223-1','','','','1','','','1'),(491,'HORACIO GOMEZ','1','','','','1','','','1'),(492,'HOSPEDAJE PEDRITO','X','','','','X','','','1'),(493,'HOTEL DE SOL','1','','','','.','','','1'),(494,'HRC DEL PARAGUAY SA','80080768-5','PAPU','498899 opcion 141','','ASUNCION ','0981-509930','asuncion','1'),(495,'HUGO AGUERO','2000635-7','','','','.','','','1'),(496,'HUGO BASAN','29865801-6','','','','.','','','1'),(497,'HUGO CARRERA','1482.051-0','1','','','1','','','1'),(498,'HUGO DEL PUERTO','X','X','X','','X','','','1'),(499,'HUGO LEZCANO','1','','0981-995056 HUGO','','1','0981-130572 JUAN AMIGO DE MAXIMO','','1'),(500,'HUGO NUÑEZ ','10422234','','','','ASUNCION','','asuncion','1'),(501,'HUGO R. BARRETO','1491284-8','','','','X','','','1'),(502,'HUGO SOLER','2.632317-6','','','','MARIANO ROQUE ALONZO','0982-386606','mariano roque alonzo','1'),(503,'HUGO VERA / NAPO SA','80101116-7','HUGO VERA','','info@hugoveraasesoria.com','1','0981-774.298','1','1'),(504,'HUGO VERA / PICANTE SA','80093121-1','','','','ASUNCION ','','asuncion ','1'),(505,'HUGUITO','T','','','','U','','','1'),(506,'HUMBERTO ISMAJOVICH','547959-2','','','','1','','1','1'),(507,'HUMBERTO SEGOVIA ','X','','','','ASUNCION ','','asuncion ','1'),(508,'IBERBUDEN HIJOS Y ASOCIADOS SRL','80096389-9','','','','1','','1','1'),(509,'IDALINA MENDEZ ','000000-0','','','','ASUNCION ','','asuncion ','1'),(510,'IDEAS RURALES S.A','80049734-1','','','','ASUNCION ','','asuncion','1'),(511,'IGA PARAGUAY S.A','80046525-3','','','','1','','','1'),(512,'IGLESIA FLIAL CENTRO FAMILIAR DE ADOR. DE SAN','80088038-2','','','','A','','','1'),(513,'IGNACIO ALFONSO ','3.790.622-4','','','','1','','','1'),(514,'IGNACIO ANIBAL SILVERO VALDEZ','3523550-0','','','','S','','','1'),(515,'IGOSA SOCIEDAD ANONIMA','80097984-','','','','1','','','1'),(516,'IMAR SRL','80063087-4','','573958','','SAN LORENZO','','san lorenzo','1'),(517,'IMPACTO S.A','80011606-2','','','','I','','','1'),(518,'IMPERIX S.A','80080219-5','','0971-686906','','D','','d','1'),(519,'IN S.A ','80088491-4','','','','ASUNCION','','asuncion','1'),(520,'INDUFAR CISA','80001812-5','JAVIER GILL','622510','','SUNCION ','986480481','asuncion','1'),(521,'INDUSTRIA DE ALIMENTOS S.A.','80031358-5','','','','1','','1','1'),(522,'INDUSTRIAL ACEITERA S.A.C','80003117-2','','578555/578757','','CAPIATA','981951515','ruta 1 km 18','1'),(523,'INDUSTRIALIZADORA J.L SA','80085415-2','','','','X','','','1'),(524,'INDUSTRIALIZADORA MANA SRL','80008538-8','','','','1','','','1'),(525,'INDYCOM SA','80061364-3','','','','1','','','1'),(526,'ING. BRDENAVE / JOSE CANDIA','1','CCT','','','ASUNCION','0985-967430','cct ingenieria','1'),(527,'INGRID BISCHOFF','3182195-2','','','','E','','','1'),(528,'INMOBILIARIA RAICES ','80027919-0','','','','ASUNCION ','','asuncion ','1'),(529,'INMOBILIARIA RAICES S.A','80027919-0','','','','Q','','','1'),(530,'INTERPON SA','800062317','','','','1','','','1'),(531,'INTRGRAL IRADING SA','80024346-3','','','','1','','','1'),(532,'INVERNADITA S.A','80029712-1','','','','K','','','1'),(533,'INVERSIONES SAN ISIDRO S.A','80038195-5','','','','1','','','1'),(534,'ISABEL ESPINOZA','1','','','','ASUNCION','','peru ','1'),(535,'ISIDORA TULIO','1','','','','ASUNCION','0971-284346','14 de mayo y fulgencio villamayor','1'),(536,'ISIDORA VERON','3704332-3','','','','1','','','1'),(537,'ISLA ALTA SA /MASAPAN ','441896-4','','0983-148200 / 021-660772','','1','','','1'),(538,'IVAN FLORENTIN','3879654-6','','','','S','','','1'),(539,'JACINTA ALARCON','1','','','','1','','','1'),(540,'JACINTO OJEDA','1975905-3','','0981-839363','','X','0971-986253','','1'),(541,'JACINTO SANTANDER ','2.158-017','1','','','1','981839363','','1'),(542,'JACQUELINE CASADO','X','','','','ASUNCION ','985951285','asuncion','1'),(543,'JAIME JARA ','1.861142-7','1','','','1','','1','1'),(544,'JAKARU PORA SA','80093153-8','','','','0','','','1'),(545,'JAMAL','1','ARABE','','','1','','','1'),(546,'JAP SRL','80088722-0','','','','ASUNCION','','asuncion','1'),(547,'JAVIER BENITEZ','1','','','','SAN JUAN','','san juan','1'),(548,'JAVIER COLMAN  ñA PORTI','1','','','','A','0983-567888','1','1'),(549,'JAVIER GAMARRA','1240535-3','','','','1','','1','1'),(550,'JAVIER GOMEZ','1704962-8','','','','1','','1','1'),(551,'JAVIER GUDTAVO BENITEZ DUARTE','4242684-7','','','','1','','1','1'),(552,'JAVIER GUERRERO','1.070.874-0','1','','','1','','1','1'),(553,'JAVIER KENT ','80093753-8','','','','ASUNCION ','','aviadores del chaco 2574 casi san blas','1'),(554,'JAVIER VIVERO ','255490-8','','','','ASUNCION ','0981-873463','','1'),(555,'JAZMIN RAMOS','3605340-6','','','','.','','','1'),(556,'JCM IMPORT - EXPORT S.A','80024860-0','MARTINO ','','','M','0981-457163','','1'),(557,'JESSICA AREVALOS ','4.470.094-6','','','','1','','','1'),(558,'JESSUCA VILLALBA','3382285-6','','','','1','','','1'),(559,'JMC IMPORT. EXPORT S.A.','80024860-0','','','','1','','','1'),(560,'JOEL CACERES MENDEZ','1','','','','1','','','1'),(561,'JOHANA GONZALEZ ','1','','','','1','0982-722582','','1'),(562,'JORGE ','2','','','','.','','','1'),(563,'JORGE ACUÑA','1','','','','1','','','1'),(564,'JORGE BENITEZ','1138965-6','','','','1','','','1'),(565,'JORGE CABRAL ','0000000-0','','','','ASUNCION ','','hotel villa america ','1'),(566,'JORGE CARDENAS','x','X','0983-550067','','X','0993-538941','','1'),(567,'JORGE CARDOZO','4858482','','0981-940878','','SAN LORENZO','','san lorenzo','1'),(568,'JORGE CIBILS','2203790-0','','','','1','','1','1'),(569,'JORGE CRISTALDO ','3550441-2','','','','X','','','1'),(570,'JORGE GONZALEZ /HELADERIA YSAPY','2986082','','983512850','','ASUNCION','9733656676','calle independiente nacional c/ 14 de mayo ','1'),(571,'JORGE RAMIREZ','1.126.883-2','1','','','1','','','1'),(572,'JORGE SARABIA','X','','','','Q','','','1'),(573,'JORGE SEGOVIA ','000000-0','','','','ASUNCION ','0992-299-119','avda. primero de marzo 829 c/ piribebury lambare 1 cuadra del cementerio pegado a la copaco','1'),(574,'JOSE ANTONIO GONZALEZ','4950451-7','','','','.','','','1'),(575,'JOSE BORDENAVE','2069276-5','','','','ASUNCION','','asuncion','1'),(576,'JOSE CATALINO SOSA','877490','','','','X','','km 20','1'),(577,'JOSE CESPEDES','X','X','','','X','','','1'),(578,'JOSE GONZALES PLANAS','3503795-4','','','','1','','','1'),(579,'JOSE JAVIER CARRUEGA MARECOS','4815680-9','','','','X','','','1'),(580,'JOSE JIMENEZ ','859384-1','1','','','1','','','1'),(581,'JOSE MEDINA','W','','','','Q','','','1'),(582,'JOSE MERELES','3818846-5','','','','ASUNCION','','asuncion','1'),(583,'JOSE MIMARDI','930457-6','','','','V','','','1'),(584,'JOSE ORLANDO BORDENAVE TUFARI ','2069276-5','','0981-124 778','','ASUNCION ','','asuncion ','1'),(585,'JOSE PAREDES','342235-5','JOSE','','','1','0984-20048','','1'),(586,'JOSE RODRIGUEZ','1','','','','.','','','1'),(587,'JOSE ROJAS','1','','','','1','','','1'),(588,'JOSE RUIZ DIAZ','X','','','','Q','','','1'),(589,'JOSE SALIN MARTINEZ CHAPARRO','4518812','','','','SALTO DEL GUAIRA','','calle 10','1'),(590,'JUAN AREVALOS','1111111','SRA SANDRA DE LOPEZ O EL SR OSVALDO LOPEZ ','','','ASUNCION ','09871-796725/0982-314045/0984-276157','moises bertoni y carlos antonio lopez ','1'),(591,'JUAN ARNALDO MARTINEZ ','936550-8','','0982-733734','','E','','','1'),(592,'JUAN BENITEZ','1','1','','','1','','','1'),(593,'JUAN CARLOS MONGELOS','0','','','','CERRITO','0984-646-805','cerrito','1'),(594,'JUAN CARLOS SANABRIA','2.956.629-0','1','','','1','','','1'),(595,'JUAN CRISTALDO','1','','','','1','','','1'),(596,'JUAN FERNANDO MORENO','4.268.002','1','','','1','','','1'),(597,'JUAN FRANCO','1631010','','','','ASUNCION ','','','1'),(598,'JUAN GAMARRA ','1659022-8','','','','AS','','asuncion','1'),(599,'JUAN GOMEZ','1','JUAN GOMEZ','994133013','','ASUNCIO','','avda peru enfrente de peerlita','1'),(600,'JUAN JOSE PAREDES ','X','','','','ASUNCION ','','asuncion ','1'),(601,'JUAN LOPEZ','650486-8','','042-222-006','','AYOLAS','','villa permanente','1'),(602,'JUAN MANUEL QUIROZ','750367-9','','','','1','0981-398986','','1'),(603,'JUAN MORENO ','3.958.717-7','JUAN MORENO ','0976915678 / 021-3389635','','ASUNCION ','994885063','asuncion ','1'),(604,'JUAN RAMON AQUINO PORTILLO ','1.769.800-6','JUAN AQUINO','','','FERNANDO DE LA MORA','0372-508463','juan de zalazar c/11 de setiembre','1'),(605,'JUAN RAMON CAMARGO','2499653.0','','','','.','','','1'),(606,'JUANPABLOIRUM','3.711.798-0','X','','','SAN JUAN MISIONES','983.480.580','ryta km 1 195 barrio universitario ','1'),(607,'JUAQUIN VERA ','1','','','','1','','','1'),(608,'JULIAN SERRANO','X','X','','','X','','','1'),(609,'JULIETA TELLES','5.030.868-8','','','','1','','','1'),(610,'JULIO C. PAVON MARTINEZ','3352746-6','','','','C','','','1'),(611,'JULIO CESAR BRITEZ ','1362883','','044-213 200/ 044 213 400','','CUI‘ADO DE HECTOR ','0981-186596','puerto del rosario ','1'),(612,'JULIO FRANCO ','1','','','','1','','','1'),(613,'JULIO KERLIN','1','','','','1','','','1'),(614,'JULVIO CUBA','1644238','','','','1','','','1'),(615,'K.F. SACI','80074386','','','','ASUNCION ','','asuncion','1'),(616,'KALI SRL','80024162-2','','el. 021 201515 / Cel. 098','','ASUNCION ZONA MERCADO 4','el. 021 201515 / Cel. 0985 843008','av. dr. gaspar rodriguez de francia 1672 y tte. otazu, asuncion','1'),(617,'KAREN GARCIA','X','','','','CHORE','985674365','chore','1'),(618,'KATERIN DE CAACUPE','1','','','','1','','','1'),(619,'KATIANA FLORES RAMOS','4.368.463','','','','1','','','1'),(620,'KATUPIRY ','0000000-0','MARA ELENA ','','','ASUNCION ','','asuncon ','1'),(621,'KBD COMPANY S.R.L','80098211-8','','','','S','','','1'),(622,'KEOPS GROUP S.A.','80068715-9','','','','1','','','1'),(623,'KF SACI / ALEX COREANO','0074386-5','','','','ASUNCION','0983-283127','','1'),(624,'KONDO','1','','','','1','','','1'),(625,'LA  CASITA DEL HELADO','1','ABEL ARENS GUILLERMINA VAZQUEZ','0972-148676','','1','','','1'),(626,'LA CHIPERITA','1','','','','1','','','1'),(627,'LA CORDOLLERANA','1975905-3','OJEDA','374046','','1','0971-986253','felix bogado y sesta 1231','1'),(628,'LA EDUCACION INTEGRAL','80030417-9','','','','A','','','1'),(629,'LA ELOISA SA (DON VITO)','80062473-4','','','','1','','','1'),(630,'LA FLORIDA CYM SA','80096320-2','','','','1','','','1'),(631,'LA MONSE','3.996.001-3','','','','LIMPIO','0986-781095','limpio','1'),(632,'LA NUTRY','x','ING JUAN JOSE GIANGRECO','','','ASUNCION ','','asuncion','1'),(633,'LA OLLA  SA','80084435-1','','','','1','','','1'),(634,'LA PARAGUAYITA','309214-3','','','','1','','','1'),(635,'LA ROCHELLE','1886760-0','PAULINO BLANCO','0982-202261','','ASUNCION','','villamorra','1'),(636,'LA ROSITA SA','80092192-5','1','','','1','','','1'),(637,'LA SAVIA','2470684-1','JOSE RODRIGUEZ','0981-521725','','.','','','1'),(638,'LA TOSCANA DRL','80063344-0','','','','AS','','asuncion ','1'),(639,'LA YUTEÑA','80023705-6','','','','B','','','1'),(640,'LÂ´ISOLA SA','80103890-1','','','','1','','','1'),(641,'LARIZA GERNHOFEER','1','','','','ASUNCION','0983-763477','','1'),(642,'LAS SAVIAS','E','','','','Q','','','1'),(643,'LAURA BAREIRO','1','1','','','1','','','1'),(644,'LAURA RODRIGUEZ','1','1','','','1','','','1'),(645,'LEANDRO BARATTO','50079611-4','','','','ASUNCION ','','asuncion','1'),(646,'LEANDRO OLMEDO DELGADO','1','','','','1','','','1'),(647,'LEIDY MACIEL','4367365-1','','','','V','','','1'),(648,'LEONARDO MARIANO LEONIS','6144617-6','','','','1','','','1'),(649,'LEONARDO MARTINEZ','3199986','','','','ASUNCION ','986944424','asuncion','1'),(650,'LEONEL CUVAS','4595694-4','Âº1','','','1','','','1'),(651,'LIBRADO','XXX','','','','CLORINDA','','clorinda','1'),(652,'LIDA VERA','692060-8','INFOCENTER','','','ASUNCION','','','1'),(653,'LIDO BAR S.R.L','80001759-5','NOELIA GARCIA','021-447 232','','ASUNCION ','0974-901515',' palma e/ chile','1'),(654,'LILIAN LEIVA','1542538','','','','ASUNCION ','','asuncion','1'),(655,'LINA CABALLO','2286783-0','','','','1','','','1'),(656,'LINO ALVARENGA ','1','LINO AMIGO DE HILARIO','','','CAPIATA','','','1'),(657,'LIZ PAOLA GONZALEZ BENITEZ','4733991-8','','','','1','','','1'),(658,'LIZ VIVIANA BENITEZ AMARILLA','1','','0982-866696','','ITA','0982-710416','','1'),(659,'LIZA ALCARAZ','900541-2','','','','1','','','1'),(660,'LIZZA SARQUIS','929045-1','','','','1','','','1'),(661,'LOMITERIA CLARI ','000000-0','','0982-316155','','ASUNCION','','asuncion','1'),(662,'LONG BEACH SA','80088109-5','1','0971-364 200 contador','','1','','','1'),(663,'LOPEZ (CLORINDA)','1','','','','1','','','1'),(664,'LOPRENA FLORENCIANA','0000000-0','','992315801','','ASUNCION ','','asuncion','1'),(665,'LORENA CHAVEZ','3982069-6','ERICA','','','1','','','1'),(666,'LORENA GODOY','3474774-5','','','','1','','','1'),(667,'LORENA VERA FLEITAS','1','1','','','1','','','1'),(668,'LOS FREFERIDOS ','3204467-4','','021/781072','','LIMPIO','','limpio','1'),(669,'LOS HERMANITOS SRL','80022325-0','','','','ENCARNACION ','','ruta 1 km 2.5','1'),(670,'LOURDES VAZQUEZ','4652363-4','','','','U','','','1'),(671,'LT S.A','80035353-6','','','','NP','','','1'),(672,'LUCIA TORRES PEREZ','1855652-3','','','','1','','','1'),(673,'LUCIANA CRISTALDO ','X','','','','ASUNCION ','','asuncion','1'),(674,'LUCIANA DEL PILAR ','3213533-5','0','0','','PILAR','','pilar','1'),(675,'LUCIANA MONNIN','5142773-7','','','','X','','','1'),(676,'LUCIANO GAMARRA','1','','','','1','','','1'),(677,'LUIS A. CEWRA ','1','','','','YPACARA','0985-209302','ypacarai','1'),(678,'LUIS GARCIA GINI','600440','','','','ASUNCION ','0982-692044','itapiru1139/ casi brasil','1'),(679,'LUIS OVELAR ','1','','rafael 0984-850020','','VILLARICA','0983-117280','','1'),(680,'LUIS PORTILLO ','1381516-4','','','','ASUNCION ','','asuncion','1'),(681,'LUIS VERON ','1.519.973-8','1','','','Âº','','','1'),(682,'LUISA CAREAGA ESPOSA DE DIEGO G. AQUINO','766912','','','','GENERAL AQUINO','983581796','general aquino ','1'),(683,'M Y M   S.R.L. ','80009664-9','','','','.','','','1'),(684,'M.C PACO S.R.L','80003950-5','','','','Z','','','1'),(685,'MABEL RAMIREZ ','2.062.506','','','','ITA','0981-339862/ 0982745 644','ita','1'),(686,'MACIEL S.A','80087398-0','','','','MISIONES','','supermercado la asuncena de san juan baustista - misiones','1'),(687,'MAGNO DARIO SANTACRUZ OJEDA','2','','','','2','0994-399848','','1'),(688,'MAIDEL ','0','','982961451','','ASUNCION ','','asuncion ','1'),(689,'MAJO TROCHE ','1','','','','ASUNCION','982897165','asuncion ','1'),(690,'MANA PIZZAS','608822-8','','','','ASUNCION ','','asuncion','1'),(691,'MANA SRL','8008538-8','',' Llamar 0524 225 213','','CAAGUAZU','','ndependencia nacional y curupayty doctor juan m. frutos, caaguazu, paraguay como   llamar 0524 225 213','1'),(692,'MANRESA SA','80018976-0','','','','1','0981-175092','','1'),(693,'MANTIS AGRO PY S.A','80077117-6','','','','ITURBE ENTRE VILLARRICA','','granja','1'),(694,'MANTIS S.A','001-001-0002142','','','','XXXXXX','','','1'),(695,'MANUEL GUTIERREZ ','3182510-9','','','','ITAUGUA','0984-475356','maria auxiliadora ','1'),(696,'MANUEL LOPEZ ','2.609862-','','','','1','','','1'),(697,'MARANGATU RETAIL S.A ','80098540-0','MILCIADES RAMIREZ ','983331344','','MARIANO ROQUE ALONSO','','mariano roque alonso','1'),(698,'MARCELA MONTERO','812605-4','Âº1','','','1','','','1'),(699,'MARCELO / LOURDES UIP','1','','marcelo 0981381408','','ASUNCION ','lourdes 0972-118197','','1'),(700,'MARCELO CATERING ','80026071-6','MARCELO','','COMPRAS@GCGASU.COM.PY','ASUNCION ','984860054','antigua terminal aerea ','1'),(701,'MARCELO DANIEL RODRIGUES','888767-5','LUIGI','','','ASUNCION ','0981-428148','gral saltos','1'),(702,'MARCELO RODRIGUEZ / LUIGI','888767-5','','','','1','','','1'),(703,'MARCHELA S.A ','80088182-0','','','','ASUNCION ','','asuncion','1'),(704,'MARCIAL VAZAN ','x','','','','ASUNCION ','','asuncion','1'),(705,'MARCOS BENITEZ','4648173','1','','','1','','','1'),(706,'MARCOS LUIS AYALA RODAS','3523997','X','x','','X','','','1'),(707,'MARCOS SOLIS','2482432-1','','','','A','','','1'),(708,'MARIA ANA','X','','','','ASUNCION ','','asuncion ','1'),(709,'MARIA ANGELA VAZQUEZ','20008835','','991508071','','CAACUPE','','caacupe','1'),(710,'MARIA CELESTE SALERNO','1060008-6','','','','SAN BERNARDINO','','san bernardino, el grimm','1'),(711,'MARIA CRISTINA CRISTALDO','1.142.856','','','','MRA','982245758','piquete cue','1'),(712,'MARIA DE LA PAZ GIRALT','2500971-0','','','','1','','','1'),(713,'MARIA DE LOS ANGELES VARELA','731329-2','','','','F','','','1'),(714,'MARIA DE LOURDES GUERRERO','748099','1','','','ASUNCION ','0981-212578','','1'),(715,'MARIA DEL CARMEN ','1','.','0982-131210/0985-390492','','ARROYOS Y ESTEROS','0982-709910','','1'),(716,'MARIA ELENA GARCETE','3848795','','','','.','','','1'),(717,'MARIA ESTELA TORALES','679202-2','','','','S','','','1'),(718,'MARIA ESTELA VERA','693969-6','1','','','1','','','1'),(719,'MARIA GUADALUPE ELIZECHE','3649156-0','','','','.','','','1'),(720,'MARIA ISABEL ORTIZ','1709862-9','MARIA ORTIZ','','','ASUNCION ','','asuncion ','1'),(721,'MARIA JOSE ','x','','','','ASUNCION ','','asuncion ','1'),(722,'MARIA JOSE NOGUERA','4.339066-8','1','','','1','','','1'),(723,'MARIA JOSE SAN BER','1','','','','LUQUE','976542682','luque camino a sanber','1'),(724,'MARIA SILDA CONDIA PENAYO ','1006205-0','','','','ASUNCION','','asuncion','1'),(725,'MARIA SILVA CABALLERO','3505132-9','','','','ASUNCION','','asuncion','1'),(726,'MARIA SILVIA CABELLO ','3.505.132-9','1','','','1','','','1'),(727,'MARIA TERESA NAVARRO ','362232-0','','','','ASUNCION ','','asuncion','1'),(728,'MARIA VICENTA FERNANDEZ','1','','','','1','','','1'),(729,'MARIAN AYALA','1862822-2','','','','1','','','1'),(730,'MARIAN CHAMORRO','1','','','','1','','','1'),(731,'MARIAN VILLASBOA','4856819-8','','','','1','','','1'),(732,'MARIANELA GIMENEZ','810810-2','','','','1','','','1'),(733,'MARIANGELA LOPEZ','4638440-5','','','','E','','','1'),(734,'MARIANO','1','','','','1','','','1'),(735,'MARIIA V. FERNANDEZ','11','','','','1','','','1'),(736,'MARILINA MARTINEZ','XX','','','','XX','','','1'),(737,'MARIO BUSTAMANTE ','1','MARIO','0961-364173','','SAN JUAN','0983-585433','san juan nepomuseno ','1'),(738,'MARLENE ACABA','3777437-9','','','','ASUNCION ','','asuncion','1'),(739,'MARSUS S.A','80030580-9','','','','Q','','','1'),(740,'MARTA GARCIA','1075819-4','','','','.','','','1'),(741,'MARTIN PASMANTE ','7746088-0','','','','1','0983-783947','','1'),(742,'MAS UNO ','1006205-0','','','','X','','','1'),(743,'MAXIMILIANO BENITEZ ','1','','','','ASUNCION','0985-792609','denis roa c/ tte vera','1'),(744,'MAXIMILIANO MILTOS','1','1','','','1','','','1'),(745,'MBURICAO SA','80011413-2','','','','1','','','1'),(746,'MC PACO S.R.L','80003950-5','','','','E','','','1'),(747,'MEMBERSHIP','80091458-9','','','','1','','','1'),(748,'MERCEDES','0','','','','.','','','1'),(749,'MERCEDES ACOSTA ','398071-5','','','','ASUNCION ','','asuncion ','1'),(750,'MERCEDES ACOSTA DE CACERES','398071-5','','','','ASUNCION ','','asuncion','1'),(751,'MERCEDES CASTILLO','702572-6','','','','1','','','1'),(752,'MERCEDES GONZALEZ','3476540-9','','','','1','','','1'),(753,'MERCEDES ISABEL ','00000000-0','','','','ASUNCION ','0994-680-007 / 0994-200-336','asuncion ','1'),(754,'MERCEDES VELASTIQUI','2.035.939-0','1','','','1','','','1'),(755,'MGI MISION SA','80093365-6','','','','X','','','1'),(756,'MICHAEL Y CRISTHIAN','1','MICHAEL ','0972-528799','','PARAGUARI','0992-323906 Cristhian','','1'),(757,'MICKEY S.R.L','80001567-3','','','','Y','','','1'),(758,'MIGUEL ANGEL MARTINEZ ','643645-5','','','','.','','','1'),(759,'MIGUEL VALIENTE','1','','','','1','','','1'),(760,'MILCA RAMIREZ','D','','','','W','','','1'),(761,'MILTON ESTIGARRIBI','5120144','MILTON','','','ASUNCION','0986-116055','pozo azul 286 c alverdi','1'),(762,'MINGO SRL','80028385-6','','','','ASUNCION','','mayor fleita','1'),(763,'MIRIAN AIDE MACHADO','3.527-040-3','','0981-151716','','1','','','1'),(764,'MIRIAN CHAMORRO ','1','MIRIAN','0511-292413','','CAACUPE','0992-996077','caakupe km 55 ','1'),(765,'MIRIAN LUZ CABRERA','2003415-7','','','','.','','','1'),(766,'MIRIAN PINTOS','001-001-0002550','','0981-212575','','LAMBARE','','','1'),(767,'MIRIAN PORTILLO','1773902-0','TIO NINO','0982-787107','','ÑEMBY','994485217','ñemby','1'),(768,'MIRIAN STELLA BAREIRO DE DENIS','1','','','','1','','','1'),(769,'MIRIAN VERA','1','','','','1','','','1'),(770,'MIRTA ACHUCARRO','4.784.647-0','','','','1','','','1'),(771,'MIRTA ADELA BENITEZ','4238657-8','','','','X','','','1'),(772,'MIRTA ROTELA ','1','','','','1','0981-680752','','1'),(773,'MISCELANEI SA / BENDITAS','80088115-0','INGERIERO ORUE / BENDITAS ','0971-333777','','11','','tte vera c/ dennis roa ','1'),(774,'MOLINO SAN JUAN ','80005366-4','SR. SALVI ','021-578-576','INGOSANCHEZ@GMAIL.COM','ASUNCION ','0971-147-399','km 17 ruta 1 capiata ','1'),(775,'MONTIEL JAVIER','1','','','','1','','','1'),(776,'MORINGA GUARANI','80087242-8','','','','XXXXXXX','','','1'),(777,'MOTOR LAFI','80052638-4','','','','1','','','1'),(778,'MR BOKER S.A','80104050-7','','','','ASUNCION ','','asuncion ','1'),(779,'NARCISO BAEZ','991566-4','','','','1','','','1'),(780,'NATALIA ALARCON','3.422.162-0','','','','1','','','1'),(781,'NATALIA ARGUELLO','2352297-6','','','','1','','','1'),(782,'NATALIA CARDOZO','3187845-8','','','','ASUNCION','','asuncion','1'),(783,'NATALIA GOMEZ','1','1','','','1','','','1'),(784,'NATALIA SANTACRUZ DOSANTOS','x','','','','ASUNCION ','981402193','asuncion','1'),(785,'NATALIA TAPIOCA','1','','','','ASUNCION','0994-340200','fernando de la mora ','1'),(786,'NATALIO MESA','2175054-8','','','','.','','','1'),(787,'NATHALY CACERES/ PARK AVENEW','1','1','','','1','','','1'),(788,'NELSON CARDOZO LOBO','B','','','','B','','','1'),(789,'NELSON GOMEZ','2003047-6','','','','A','','','1'),(790,'NERY PASTELERIA','1','','0984-437462','','1','','','1'),(791,'NESTLE PARAGUAY','80019066-1','','','MARIA.AMOROSO@PY.NESTLE.C','ASUNCION ','','1501 republica dominicana ','1'),(792,'NESTOR  GONZALES ','1','NESTOR','21942113','','VILLA ELIZA','0981-357263/0981-362286','villa elisa','1'),(793,'NESTOR JARA CHAVEZ ','267789-0','1','','','1','','','1'),(794,'NESTOR VERON ','X','','','','ASUNCION ','','asuncion ','1'),(795,'NESTOR VILLALBA ','2022332-3','','','','ASUNCION ','','asuncion ','1'),(796,'NICOLE MENNIN','4196541-8','','','','1','','','1'),(797,'NIDIA PEREZ ','453296-1','','','','X','','','1'),(798,'NILDA ','1','1','','','1','','','1'),(799,'NILDA VERA','1','','','','1','','','1'),(800,'NILZA SCHOPT ','3523836-4','','','','.','','','1'),(801,'NIRZA SCHAPT','3523836-4','','','','F','','','1'),(802,'NOELIA PORTILLO ','1','NORLIS','','','VILLARRICA','0984-226167','villarrica','1'),(803,'NOEMI GLACES SA','80100284-2','NOEMI O EDGAR','0971-337450 ESPOSO','','ASUNCION','0981549942 ESPOSA','asuncion ','1'),(804,'NOEMI KIKUCHI','363852-5','','','','1','','','1'),(805,'NOEMI NUñEZ','1275737-3','','','','1','','','1'),(806,'NORMA ALONZO','3.245192-0','NORMA','0981-999490','','FERNANDO DE LA MORA','0981-999490','ingabi a tres cuadras','1'),(807,'NORMA BENITEZ','289001-6','','','','T','','','1'),(808,'NOVITTA SRL','80084661-3','','','','1','','','1'),(809,'NUTRE PARAGUAY S.A.','80095597-8','','','','1','','','1'),(810,'NUTRIPAN ','567339-9','','','','.','','','1'),(811,'ÑA  RAMONA','','','','','U','','','1'),(812,'ÑA DELO','','','','','CHACARITA','','la chacarita','1'),(813,'ÑA FLOEA','','','','','1','','','1'),(814,'ÑA PERLA ','','','0984-202696','','1','','','1'),(815,'OBETENCE','X','X','X','','X','','','1'),(816,'OCASIONAL','XXXXX','','','','XXXXXXX','','','1'),(817,'OLGA GAVILILAN','1','1','','','1','','','1'),(818,'OMAR PEREZ ','1485183','','','','ASUNCION ','','asuncion','1'),(819,'ORLANDO BORDENAVE','2069276-5','','','','D','','','1'),(820,'OSBALDO VILLALVA','3639651-6','','','','ASUNCION ','0986-979156','','1'),(821,'OSCAR','X','X','X','','X','','','1'),(822,'OSCAR ANDRES CACERES CABALLERO','001-001-0002549','','','','X','','','1'),(823,'OSCAR ANDRES VERA','000000-0','','571-305','','ASUNCION ','','asuncion ','1'),(824,'OSCAR CABALLERO ','802533-9','','21506876','','FERNANDO DE LA MORA','984696996','dr. molinas c/corrales n 1621 - zona sur - barrio pitiantuta','1'),(825,'OSCAR FLORENTIN','111','','','','B','','','1'),(826,'OSCAR SABEDRA ','.','','','','PIRAYU','0981-887-949','pirayu','1'),(827,'OSCAR SISA','858061-8','1','0992-206342','','ASUNCION','','lapacho 2784 c/ pai marcos','1'),(828,'OSMAR GIMENEZ CANTERO','2.831.220','OSMAR CANTERO','1','','MARIANO ROQUE ALONZO','0981-748205','mariano roque alonzo','1'),(829,'OSMAR H GIMENEZ MEDINA','1','','','','1','','','1'),(830,'OSMAR HEREDIA ','1','','','','LOMA PLATA','0985-122896','loma plata','1'),(831,'OSMAR UBEDA','3527335','','','','1','','','1'),(832,'OSVALDO LOPEZ FILIPINI','1123165','SRA. SANDRA LGO DE LOPEZ ','0982-314-045','','ASUNCION ','0984-276-157','moises bertoni y carlos antonio lopez','1'),(833,'OSVALDO RUIZ DIAZ ','000000-0','','021-237-585','','ASUNCION ','0991473518/ 0993-597058','19 proyectada c/ parapiti','1'),(834,'P Z 10 GROUP S.A','80098073-5','','','','X','','','1'),(835,'P.V.R. STORES PY S.A ESTE NO ES','80081566-1','','','','X','','','1'),(836,'PABLINO COLMAN ','1199625-5','','','','Âº1','','','1'),(837,'PABLINO OJEDA','2021544-4','','','','1','','','1'),(838,'PABLO CAÑIZALES','X','X','X','','X','','','1'),(839,'PABLO COLMAN','1199625-0','','','','1','','','1'),(840,'PABLO FERREIRA','Q','','0985-574129','','A','','guarambare','1'),(841,'PABLO MESA','2.175-056','','','','1','0983-426310 / 09814157885','','1'),(842,'PACHAS','1','','','','1','','','1'),(843,'PAGO RECIBIDO','1','1','','','1','','','1'),(844,'PAI PUKU CEFEMM','80028309-0','','','','1','','','1'),(845,'PALACIO LUQUE AREGUE','X','','                         ','','X','0982-720497                 ','','1'),(846,'PALO SANTO GROUP S.A','80094571-9','','','','ASUNC.','','del maestro 722 e/general garay','1'),(847,'PAMELA VERNAZZA','486378-0','X','X','','X','','','1'),(848,'PANADERIA AMERICANA','133623-1','','','','1','','','1'),(849,'PANADERIA GUAIRA SRL','80074990-1','GUSTAVO VERA ','0981-715099','','1','','','1'),(850,'PANADERIA LA NEGRITA','80002271-8','RUDY','492-874','','ASUNCION','971200520','piribeby esquina oleary','1'),(851,'PANADERIA LOS HERMANOS ','2.530.034-2','','','','1','','','1'),(852,'PANADERIA SANTA ISABEL','3.179599-4','','','','1','','','1'),(853,'PANADERIA SANTA MARIA','80010760-8','','','','A','','','1'),(854,'PANADERIA TAMARA ','4.231830-0','','','','1','','','1'),(855,'PANADERIA W / LAURDE PRIVILEGGI','3030382-6','LAURDES PRIVILEGGI','','','1','0986-556340','asuncion ','1'),(856,'PANIFICADORA LILIANA','X','JUSTINA DE LEON','','','CONCEPCION ','','','1'),(857,'PANIFICADOS GABRIEL',' 4080893-9','','','','1','','','1'),(858,'PAOLA ARANDA','5247450-0','','','','.','','','1'),(859,'PAOLA CANDIA','3.206.629-5','','','','1','','','1'),(860,'PAOLA SALERNO ','1','','','','ASUNCION ','1','','1'),(861,'PAOLO LOPEZ','1','','','','.','','','1'),(862,'PARAGUAY ALIMENTOS S.A.','X','X','X','','X','','','1'),(863,'PARANA COMERCIAL','808867-5','','','','1','','','1'),(864,'PARK AVENUC S.A','80075375-5','','','','1','','','1'),(865,'PARROQUIA SAN BLAS','80032964-3','','','','ASUNCION ','','asuncion','1'),(866,'PASTAS LA CRIOLLA S.R.L. ','80009158-2','','','','ASUNCION ','','asuncion ','1'),(867,'PASTAS LOS TRIGALES','B','','','','H','','','1'),(868,'PASTELERIA CARLITOS','1','','','','1','','','1'),(869,'PASTELERIA DONNERY','3606378-9','','','','1','','','1'),(870,'PATIÑO - CAAGUAZU','1','','','','1','','','1'),(871,'PATRIC EL HABR','3225046-0','','','','.','','','1'),(872,'PATRICIA GALEANO VERA ','4335050-0','','','','ASUNCION ','','asuncion','1'),(873,'PATRICIA ORTIZ ','3.652606-1','','','','1','','','1'),(874,'PATRICIA RODRIGUEZ','6603636-4','','0981-182407','','XXXXXXX','','','1'),(875,'PEDRO ALFONSO','731329-2','','','','1','','','1'),(876,'PEDRO BENITEZ','1600958-4','','','','.','','','1'),(877,'PEDRO CACERES ','3796899-0','','','','1','','','1'),(878,'PEDRO GARCETE','x','','021-570784','','X','','','1'),(879,'PEDRO GONZALEZ','1','','','','CDE','0984-685346/0382/714188','','1'),(880,'PEDRO LOPEZ','1397798-9','','0971-973784','','ÑEMBY','0971-207431','ñemby','1'),(881,'PEDRO OLMEDO ','X','','','','ASUNCION ','','asuncion ','1'),(882,'PEDRO R. OLMEDO','2140572-7','','','','ASUNCION ','','asuncion','1'),(883,'PENAL DE EMBOSCADA','X','','','','X','','','1'),(884,'PEREZ RAMIREZ Y CIA S.A.C.I.','80002745-0','PEDRO RAMOS ','441732','','ASUNCION ','0986-537343','asuncion','1'),(885,'PERFALUM','80025869-0','','','','ASUNCION ','','tte. rene brugada y eduardo san martin','1'),(886,'PERLA VAZQUEZ ','0000000-0','','','PERLAVAZQUEZ1987@HOTMAIL','ASUNCION ','0984-667900','asuncion ','1'),(887,'PERLITA','X','X','X','','X','0984-667900','','1'),(888,'PETRONA BARRETO','1390707','','','','ASUNCION','0983-372748','asuncion','1'),(889,'PETROSERVICE SRL','80060989-1','','','','ASUNCION ','','asuncion','1'),(890,'PICANTE S.A','80093121-1','','','','1','','','1'),(891,'PLASMA SA','80034440-5','1','1','','1','','','1'),(892,'PLAZA ASUNCION SA','80057674-8','','021-452-682','','ASUNCION','','cerro cora','1'),(893,'POLLERIA LEO','X','X','X','','X','','','1'),(894,'POLLPAR SA','80007167-0','','','','1','','','1'),(895,'POLO SUR MIC SRL','80005873-9','','','','1','','','1'),(896,'PORTOBELLO S.A','80080942-4','','','','1','','','1'),(897,'POSTAS LA CRIOLLA SRL','80009158-2','','','','ASUNCION','','','1'),(898,'PRISCILIANO DUARTE','0000000-0','','','','SAN ROQUE GONZALEZ SANTA CRUZ','0982-634-590','san roque ','1'),(899,'PRODUCTOS EDWARD SAY','8009190-6','','','','1','','','1'),(900,'PRODUCTOS VALERIA','431007-1','','','','.','','','1'),(901,'PROF. CRISTINA','XXX','','','','X','','','1'),(902,'PROF. PAVETI','1','','','','1','','','1'),(903,'PRONTO ALIMENTOS SRL','80040510-2','','','','1','','','1'),(904,'PROPOSITO SA','80095178-6','INES OJARA','0981-166079','','ASUNCION ','','','1'),(905,'PRV STORE PY S.A.ECA','80081566-1','','604329/304314/604307','','ASUNCION','','padre egidio cardozo','1'),(906,'PRV STORE PY SAECA','80081566-1','','	604329/304314/604307','','1','','','1'),(907,'PUERTO MADERO','1','1','','','1','','','1'),(908,'PUERTO ROSARIO','X','X','X','','X','','','1'),(909,'PUNTO RICO ','1','','','','1','','','1'),(910,'PZ GROUP S.A','80098073-5','','','','X','','','1'),(911,'QUIERO MAS ','8.0002585-7','','','','1','','','1'),(912,'QUIMICA AMERICANA SA','80066265-2','1','','','ASUNCION','0981-941440','','1'),(913,'RAFAEL HOTEL C.D.E.','X','','','','CDE','','cde','1'),(914,'RAFAEL OCAMPOS ','000000-0','RAFAEL OCAMPOS ','','','ASUNCION ','983714120','barrio san vicente al lado del negocio de zulma ','1'),(915,'RAFAEL PATIñO','260251-4','','','','NI IDEA','','nose','1'),(916,'RAFAEL SINAY','1.127.957-5','','','','1','','','1'),(917,'RAFAELA DEL ROCIO NARVAEZ','1','1','','','1','','','1'),(918,'RAIDAN HERMANOS SRL ','80023094-9','','','','CAACUPE ','','caacupe ','1'),(919,'RAMON ASTORGA','1725509','','','','ASUNCION','0982-898782','','1'),(920,'RAMON DE TOVATI','1','RAMON ','0985-770332','','TOVATI','','tobati','1'),(921,'RAMON LOPEZ','1','','','','1','','','1'),(922,'RAMON MALDONADO ACOSTA','1142919-4','','','','ASUNCION ','','asuncion','1'),(923,'RAMON MORALES  TOVATI','1.667.267','','0991-647 187','','ASUNCION','','asuncion ','1'),(924,'RAMON MORINIGO G.','822759-3','','','','ASUNCION ','','asuncion ','1'),(925,'RAMON RETAMR','2056002-8','','','','X','','','1'),(926,'RAMON SILVERO','3.996.695-0','','','','1.','','','1'),(927,'RAMON TOBATI','1','','','','1','','','1'),(928,'RAMONA PATIÑO','X','X','X','','X','','','1'),(929,'RAQUEL ALMADA','X','X','X','','X','X','','1'),(930,'RAUL ACOSTA','1399057-8','RAUL','0981-917276','','CHACO','','la lomita','1'),(931,'RAUL ADAM','X','X','X','','X','','','1'),(932,'RAUL MONTIEL','1','1','','','1','','','1'),(933,'RBD COMPANY S.R.L ','80098211-8','','','','ASUNCION','','asuncion','1'),(934,'RESTAURAN PUEBLO DEL SOL','1','GERMAN','','','1','0981-373924','ruta patiño y ypacarai','1'),(935,'RESTAURAN RICO','404131-1','','','','ASUNCION','','republica francesa c/ teodoro mongelos','1'),(936,'RESTAURANT FUZIN','x','X','x','','X','','','1'),(937,'RICARDO LASTRA ','6338315-2','','','','Z','971742888','','1'),(938,'RICARDO OCAMPOS','1','1','','','1','','','1'),(939,'RICARDO RAUL MOREL PERALTA','4179692-6','1','','','1','','','1'),(940,'RICCIADI Y ASOCIADOS SA','1','1','','','1','','','1'),(941,'RIQUISIMAS CASAS DE TORTAS','3419662-5','','','','1','','','1'),(942,'RITA VEGA','2668587','X','x','','X','','','1'),(943,'ROBERT CANO','1422575-1','1','','','1','','','1'),(944,'ROBERTO MOREL','449747-3','.','','','.','','','1'),(945,'ROBICON S.A.','80024396-0','','','','.','','','1'),(946,'ROCIO ISABEL VARGAS ','4681656','','','','ASUNCION','','asuncion','1'),(947,'ROCIO SAAVEDRA','1','','','','SAN LORENZO','','','1'),(948,'RODIZIO S.A','80020890-0','','','','ASUNCION ','','asuncion','1'),(949,'RODNEY TRABUCO/ ROQUE TRABUCO','428033-4','','021-991577','','ÑEMBY','0981-919829','avenida cadete boquero c/ avenoda san antonio frente de copacp','1'),(950,'RODOLFO GAUTO','3211699-3','','','','1','','','1'),(951,'RODOLFO ORTEGA  PEDRO JUAN CABALLERO ','1.819.500','MARGARITA FLEITAS VIUDA DE ORTEGA ','0975-639-921  cecilia mor','','PEDRO JUAN CABALLERO ','0971-386-631 lidio ortega','pedro juan caballero ','1'),(952,'RODOLFO ORTIZ','x','X','x','','X','','','1'),(953,'RODRIGO FLORES','1006376-5','','','','X','','','1'),(954,'RODRIGO MESA','X','','','','ASUNCION ','981245685','asuncion','1'),(955,'RODRIGO SANCHEZ','3215236-1','','','','1','','','1'),(956,'ROLE SA / SARAMBI','80083590-5','ROCIO SAVEDRA','','','SAN LORENZO','0986-138634','manuel ortiz gerrero c liveracion','1'),(957,'ROMERO PATIÑO','1','','','','1','','','1'),(958,'ROMINA OSUNA','4660733-1','','0982-251757','','ASUNCION','','asuncion ','1'),(959,'ROMUALDO','1','','','','1','','','1'),(960,'RONDELI SRL','80016587-0','','','','1','','','1'),(961,'ROSA MARIA DIAZ','847146-0','','','','1','','','1'),(962,'ROSA MARIA ECHEVERRIA','1','','','','1','','','1'),(963,'ROSA RAMIREZ','96216','','','','ASUNCION','','mbigua','1'),(964,'ROSSANA MOLINAS','2.703-985','','','','VILLA ELIZA','','emilio r fernandes c/ alamos ','1'),(965,'RUBEN BENITEZ','3.936-842-4','','0994-793869','','SAJONIA','','','1'),(966,'RUBEN GONZALEZ','1','','','','1','','','1'),(967,'RUBICON S.A','80024396-0','','','','C','','','1'),(968,'RUIZ DIAZ','ZA','','','','A','','','1'),(969,'RUMILDA SILVA','3477096-8','','','','.','','','1'),(970,'RUSSELL TOEWS','2.246.149-3','','','','1','','','1'),(971,'S.C.J IMPORT EXPORT S.A','800675528-2','','','','A','','','1'),(972,'SA SAN RAMON AGRO INDUSTRIAL / BAR SAN MIGUEL','80004928-4','.','200555/206047','','SUNCION ','','','1'),(973,'SABINO FARIÑA','367878-4','','','','ASUNCION ','','asuncion','1'),(974,'SABORES','400747-6','MARGARITA','0981-430281','','ASUNCION','','kubichet c/ herrera 3277','1'),(975,'SACHA','1','1','','','1','','','1'),(976,'SAJONIA BREWING COMPANY SA','80069848-7','','','','ASUNCION','','sajona','1'),(977,'SAL Y PIMIENTA / CARLOS PELADO','80025227-6','','','','ASUNCION','0981-418486','asuncion ','1'),(978,'SALVADOR SARUBI','XS','','','','R','','','1'),(979,'SAMUEL VALDES ','1','','','','PEDRO JUAN CABALLERO ','0971-808513','pjc','1'),(980,'SAN BENITO IND. Y COM S.A','80057829-5','','','','1','','','1'),(981,'SANATORIO ADVENTISTA','80009734-3','','','','Q','','','1'),(982,'SANDRA DE ENCARNACION ','3142258','','','','ENCARNACION ','0973-211533','encarnacion ','1'),(983,'SANDRA FLORES','3519104-0','','','','1','','','1'),(984,'SANDRA LOPEZ','2358362-2','','','','.','','','1'),(985,'SANNI YAMBAI','80033168-0','','','','ASUNCION ','','asuncion ','1'),(986,'SANTA FE GASTRONOMIA SAE','80080942-4','','','','ASUNCION ','','asuncion','1'),(987,'SANTA ROSA DE LIMA SA','80099290-3','','','','X','','','1'),(988,'SANTA ROSA S.A','80018704-0','JOSE PAVON ','0981-558034','','E','','','1'),(989,'SANTIAGO','1','','','','1','','','1'),(990,'SANTIAGO G. SILVEIRO ORTIZ','802597-5','','','','1','','','1'),(991,'SANTIAGO VERA','1','','','','SAN IGNACIO','981100429','san ignacio','1'),(992,'SANTO DOMINGO SACI ','80023312-3','','0992-443155/0971-434433','','SAN PEDRO','','liberacion','1'),(993,'SAUDY VILLALVA','1','','','','1','','','1'),(994,'SEBASTIAN FERNADO ','1','1','','','1','','','1'),(995,'SECUNDINO CASTILLO','X','X','X','','X','','','1'),(996,'SEGUNDO CUERPO DE EJERCITO','80005761-4','','','','X','','','1'),(997,'SELVA GARCIA','964630-2','','','','Y','','','1'),(998,'SELVA VILLALBA','3.550.917-1','SELVA VILLALBA','','','MAR','','mra','1'),(999,'SENAD','80006564-6','','','','X','','','1'),(1000,'SERENDIPITY S.A','80104748-0','','','','ASUNCION ','','asuncion ','1'),(1001,'SERGIO ALVARENGA ','1662396-7','','','','ASUNCION ','','asuncion ','1'),(1002,'SERGIO CARDOZO ','0','','','','ASUNCION ','','asuncion ','1'),(1003,'SERGIO CRISTALDO','2.637.474-9','','','','1','','','1'),(1004,'SERGIO GARCIA','3.666.287-9','','','','1','','','1'),(1005,'SERGIO PUERTO ELSA','1','','','','PUERTO ELSSA','1','puerto elsa','1'),(1006,'SERVICARNE S.A','80096738-0','','','','X','','','1'),(1007,'SG3 SHIPPING GROUP','80022113-3','','','','1','','','1'),(1008,'SIBOL S.A.C.','80003587-9','','','','XXX','','','1'),(1009,'SIGNECIO FLOR','E','','0984-306077','','CAPIATA','','capiata km19 ruta 1','1'),(1010,'SILVIA BOGADO','1690225-4','','','','1','','','1'),(1011,'SILVIA CABELLA TALAVERA ','3505132-9','','','','1','','','1'),(1012,'SILVIA GARCET','609756-1','','','','ASUNCION','0981-182641','mesa pata pintada c/ rodriguez francia','1'),(1013,'SILVO BAEZ ','0','','','','ASUNCION','','asuncion ','1'),(1014,'SIN NOMBRE','X','','','','ASUNCION','','asuncion','1'),(1015,'SKEMA DESING','80086060-8','','','','D','','','1'),(1016,'SOCIAL FOOPF S.A ','80103764-6','','','','ASUNCION ','','asuncion ','1'),(1017,'SOCIEDAD DANTE ALEIGHIERI','80015333-2','','','','ASUNCION','','alverdin c/ humaita','1'),(1018,'SORAIDA AGUILAR','2492919-0','','','','ASUNCION ','','asuncion ','1'),(1019,'SR GRIMM','X','','','','A','','','1'),(1020,'SR. JAPONES - KANDO','1','','','','1','0981-997379','','1'),(1021,'SR. LIBRADO ','0000000-0','','','','CLORINDA','','clorinda ','1'),(1022,'SR. QUINDY ','X','','','','ASUNCION ','','asuncion','1'),(1023,'SRA. RITA ','0000000-0','','','','SAN PEDRO ','0981 118 845','san pedro ','1'),(1024,'STRAPERLO SRL','80064374-0','GUSTAVO ROSA','','','ASUNCION ','','','1'),(1025,'SUNILDA RUIZ CARDOZO','x','X','','','HORQUETA','','','1'),(1026,'SUPERMERCADO CAMPO 9','80029973-6','','','','CAMPO 9','984154253','campo 9','1'),(1027,'SUPERMERCADO LA CHAQUEñA','954534-4','','','','1','','','1'),(1028,'SUPERMERCADO LA GERMANIA SRL','80026548-3','','','','1','','','1'),(1029,'SUPERMERCADO LT','80035353-6','X','x','','X','','','1'),(1030,'SUPERMERCADO MARANGATU','1046254','MILCIADES RAMIREZ ','0983-331-344','','VILLA HAYES ','','puente remanso ','1'),(1031,'SUPERMERCADO MUCHO MAS','80093964-6','CORONEL CUENCA','694020/683808','','LUQUE','0994-482-468 - 0981-293257','luque','1'),(1032,'SUPERMERCADO SAN JUSTO SRL','80084993-0','','','','1','','','1'),(1033,'SUPERMERCADO SANTA RITA','80028416-0','','','','Q','0983-113445','itagua','1'),(1034,'SUPERMERCADO SANTA ROSA ','000000-0','','','','HORQUETA','','horqueta','1'),(1035,'SUPERMERCADO SUREICO','80074899-9Âº','','','','SAN IGNACIO MISIONES','','san ignacio misiones','1'),(1036,'SUPERMERCADO VILLA SOFIA AS','80022147-8','PROF. IDELINA / MARIAN','','','ASUNCION','0981-326669','asuncion','1'),(1037,'SURCOS DE AMERICA S.A','80040683-4','','','','1','','','1'),(1038,'SUSANA ROJAS','3653102-2','SUSANA','0971-696686','','XXXXXX','','','1'),(1039,'SUYUN, JEOUNG','7183511-3','','','','1','','','1'),(1040,'SY PAVE S.A.','80104427-8','','','','1','','','1'),(1041,'SZ GROUP SRL','80058625-5','','','','ASUNCION','971765766','avda brasilia 782c/ luis de granada','1'),(1042,'TATIANA GUILLEN','4108170-6','','','','.','','','1'),(1043,'TAVESA S.A','80033330-6','','','','ASUNCION ','','asuncion ','1'),(1044,'TECNO ALIMENTOS PARAGUAYOS SRL','80106809-6','','','','1','','','1'),(1045,'TEODONCIO GONZALEZ','699622-1','','','','.','','villa florida','1'),(1046,'TEOFILO AMARILLA','1793103-7','','','','1','','','1'),(1047,'TEOVALDO BERNAL CANTARO','2704092-5','','','','1','','','1'),(1048,'TERESITA ARANDA LIMA ','1.796.119-0','1','','','1','','','1'),(1049,'TERMA SA','80030538-8','X','','','X','','','1'),(1050,'TERPORT SA','80021280-0','','','','1','','','1'),(1051,'THE FROTH CLUB SRL','80078165-1','','','','Z','','','1'),(1052,'THIAGO BRASILERO ','1','1','1','','1','','','1'),(1053,'TIMOTEO CACERES','1608505-0','','','','.','','','1'),(1054,'TOMAS MARECO','3.571.090.-0','','','','1','','','1'),(1055,'TRADESUR SRL','80052460-8','ANA DE LEGIZAMON','0971-581521','','ASUNCIO','','asuncion','1'),(1056,'TRANQUILINO GALEANO ESCALADA','659555','','','','YPANE PORVENIR 2','0972-229711','rosado guazu km 26 ruta 1 ','1'),(1057,'TRES E SA','80063780-1','','','','1','','','1'),(1058,'TRIGALES S.A.','80023965-1','','','','.','','','1'),(1059,'TROCHE','1','','','','1','','','1'),(1060,'TUPI S.A','80031970-2','','','','1','','','1'),(1061,'ULTRA VELOZ S.A ','80032815-9','','','','CDE','','integral cde','1'),(1062,'UNI PARAGUAY','80029770-9','EMILIO BALBUENA','214175145','','ASUNCION ','981123624','ma. concepcion de leyes casi artigas ','1'),(1063,'UNION INDUSTRIAL PARAGUAYA','80023473-1','','','','1','','','1'),(1064,'VALENTIN OCAMPOS','000000-0','','0983-750-647','','LIMPIO','0983-107-039','limpio','1'),(1065,'VALQUIRIA S.A','80101191-4','','','','1','0983-452003','','1'),(1066,'VANESA AMARILLA ','1','1','','','11','','','1'),(1067,'VAP','80004798-2','','','','ASUNCION ','','asuncion','1'),(1068,'VARGAS LUQUE','1','','','','1','','','1'),(1069,'VELEN VALLEJOS ','1','1','1','','','','','1'),(1070,'VENTA','1','HILARIO','','','1','','','1'),(1071,'VEROFEN SA','80087494-3','','','','FILADELFIA','','filadelfia','1'),(1072,'VICARIATO APOSTOLICO DEL PILCOMAYO','80004798-2','','','','1','','','1'),(1073,'VICENTA FERNANDEZ','x','X','','','X','','','1'),(1074,'VICENTA LAVERA CACERES','1','1','','','1','','','1'),(1075,'VICENTE','X','X','','','X','','','1'),(1076,'VICENTE QUINTANA','3681908-5','','','','ASUNCION ','','villamorra','1'),(1077,'VICENTE TORRES ','0','','','','ASUNCION ','','asuncion ','1'),(1078,'VICTOR ANDO','1','1','','','1','','1','1'),(1079,'VICTOR CARNEIRO','1','','','','1','','1','1'),(1080,'VICTOR COLMAN','3930628','','0971-412023','','VILLARRICA','','zona hospital','1'),(1081,'VICTOR COZAL ','4877609-2','','','','.','','','1'),(1082,'VICTOR ESTIGARRIBIA ','80077117-6','MANTIS AGRO PY S.A ','','VESTGARRIBAS@MANTSAGROPY.','ASUNCION ','','asuncion ','1'),(1083,'VICTOR G. MENDOZA BRITEZ','1.535.917','2','','','1','','','1'),(1084,'VICTOR GARAY (COLOMBIANO) JAIME ZALAZARÂº','3.583.478Âº','JAIME SALAZAR ','','','1Âº','0994-230222','','1'),(1085,'VICTOR GAUTO GARCIA ','1','HERMANO  DE ARNALDO GAUTO','','','VILLA HAYES','0971-561275','villa hayes','1'),(1086,'VICTOR HUGO PEñA','346870-4','','','','1','','','1'),(1087,'VICTOR LASCO','1436511','','','','.','','','1'),(1088,'VICTOR MANUEL CABELLO','399136-9','','','','ASUNCION ','','la nutry','1'),(1089,'VICTOR ORTIZ','Z','','982672377','','S','','','1'),(1090,'VICTOR PALACIOS','1','0','','','0','','','1'),(1091,'VICTOR PAREDES','3611972-5','','','','S','','','1'),(1092,'VICTOR TOMYUKI','1574316-0','','','','.','','','1'),(1093,'VICTOR WU CHEN','2154360-7','MAURICIO DURE','0986-341967','','5','','','1'),(1094,'VICTOR Y ROMI','80038088-6','1','','','1','','','1'),(1095,'VICTOR ZALAZAR','7273721-2','','','','ENCARNACION','','encarnacion','1'),(1096,'VILLA AMERICA ','80033893-6','','','','1','','','1'),(1097,'VIRGINIA ELIXABETH GIMENES CRISTALDO','1232676-3','1','','','1','','','1'),(1098,'VIVIANA SANTA CRUZ','350449-4','VIVIANA SANTA CRUZ','','','FERNANDO DE LA MORA','0992-297308','fernando de la mora alber sabin','1'),(1099,'WABEN S.A.','80001070-1','','','','.','','','1'),(1100,'WALTERIO SA','80061131-4','SRA PAOLA','','','ASUNCION','0971-343839','avda espana','1'),(1101,'WILLIAM BRITEZ/ SRA MERCEDES','x','','','','ASUNCION ','','asuncion','1'),(1102,'WILLIAM PERALTA ','4.591-544-0','','','','1','','','1'),(1103,'WILLIAN MELGAREJO','4.941.656-1','','','','0','','','1'),(1104,'WILMA RUIZ','1','1','','','1','','','1'),(1105,'WILMAR SRL','80005956-5','','','','ASUNCION','986200071','asuncion ','1'),(1106,'WILSON FERNANDEZ','535868-9','','','','CONCEPCION ','','','1'),(1107,'WILSON VERA','4384693-9','','','','1','','','1'),(1108,'WR SA','80040661-3','WALTER','0985-847016','','SUNCION','','asuncion','1'),(1109,'XOCHITL S.A.','800081636-4','','','','.','','','1'),(1110,'YACARU PORA S.A','80043753-8','','','','Z','','','1'),(1111,'YANINA RICHER','2044683-7','','','','ASUNCION ','','asuncion','1'),(1112,'YAQUELIN CASDO ','4206951-3','','','','1','','','1'),(1113,'YCUA S.A','80014885-1','','','','ASUNCION ','','m. estigarribia 932','1'),(1114,'YCUA SA','80014885-1','','','','1','','','1'),(1115,'YENIFER GOSSEN','4862308-3','','','','1','','','1'),(1116,'YNDYCOM SA','80061364-3','','','','1','','','1'),(1117,'YUNIOR ROMERO','1','','','','.','','','1'),(1118,'ZUNILDA ANTONIA LIBARDI DE ALONZO','1','CAPIATA','','','CAPIATA','','','1'),(1119,'ZUNILDA MORINIGO DE FLEITAS','722373','','','','.','','','1'),(1120,'ZUNILDA RUIZ ','1','','032-222302','','HIJO DE DON RUIZ','0971-356609','horqueta ','1'),(1121,'ZUNILDA VELAZQUEZ','2461558-7','1','','','1','','','1'),(1122,'FEDERICO LOPEZ','4484207-4','JAVIER AYALA','','','ASUNCION','0971643957','14 de mayo c/ Juan Centurion','0');

/*Table structure for table `condicion_factura` */

DROP TABLE IF EXISTS `condicion_factura`;

CREATE TABLE `condicion_factura` (
  `idcondicion_factura` int(11) NOT NULL AUTO_INCREMENT,
  `condicion` varchar(45) NOT NULL,
  `estado` varchar(1) NOT NULL DEFAULT '1',
  PRIMARY KEY (`idcondicion_factura`)
) ENGINE=InnoDB AUTO_INCREMENT=3 DEFAULT CHARSET=utf8;

/*Data for the table `condicion_factura` */

insert  into `condicion_factura`(`idcondicion_factura`,`condicion`,`estado`) values (1,'contado','1'),(2,'credito','1');

/*Table structure for table `deposito` */

DROP TABLE IF EXISTS `deposito`;

CREATE TABLE `deposito` (
  `id_deposito` int(11) NOT NULL AUTO_INCREMENT,
  `deposito` varchar(45) CHARACTER SET utf8mb4 COLLATE utf8mb4_0900_ai_ci NOT NULL,
  `estado` varchar(1) CHARACTER SET utf8mb4 COLLATE utf8mb4_0900_ai_ci NOT NULL DEFAULT '1',
  PRIMARY KEY (`id_deposito`)
) ENGINE=InnoDB AUTO_INCREMENT=5 DEFAULT CHARSET=utf8;

/*Data for the table `deposito` */

insert  into `deposito`(`id_deposito`,`deposito`,`estado`) values (1,'interior','1'),(2,'exterior','1'),(3,'salon','1'),(4,'taller','1');

/*Table structure for table `detalle_activo` */

DROP TABLE IF EXISTS `detalle_activo`;

CREATE TABLE `detalle_activo` (
  `id_detalle_activo` int(11) NOT NULL AUTO_INCREMENT,
  `detalle` varchar(150) CHARACTER SET utf8mb4 COLLATE utf8mb4_0900_ai_ci NOT NULL,
  `cantidad` int(11) NOT NULL,
  `costo` int(11) NOT NULL,
  `idactivo` int(11) NOT NULL,
  `iva_diez` int(11) DEFAULT NULL,
  `iva_cinco` int(11) DEFAULT NULL,
  `exenta` int(11) DEFAULT NULL,
  `gravada_diez` int(11) DEFAULT NULL,
  `gravada_cinco` int(11) DEFAULT NULL,
  `totales` int(11) DEFAULT NULL,
  PRIMARY KEY (`id_detalle_activo`),
  KEY `fk_detalle_activo_activo1_idx` (`idactivo`),
  CONSTRAINT `fk_detalle_activo_activo1` FOREIGN KEY (`idactivo`) REFERENCES `activo` (`idactivo`)
) ENGINE=InnoDB AUTO_INCREMENT=10 DEFAULT CHARSET=utf8;

/*Data for the table `detalle_activo` */

insert  into `detalle_activo`(`id_detalle_activo`,`detalle`,`cantidad`,`costo`,`idactivo`,`iva_diez`,`iva_cinco`,`exenta`,`gravada_diez`,`gravada_cinco`,`totales`) values (1,'mesa acero inoxidable',1,650000,1,59090,NULL,NULL,590909,NULL,650000),(2,'bandejas',10,30000,1,27272,NULL,NULL,272727,NULL,300000),(4,'HORNO',1,2500000,1,227273,NULL,NULL,2272727,NULL,2500000),(6,'MICROONDA',2,500000,1,90909,NULL,NULL,909091,NULL,1000000),(7,'COMBUSTIBLE',15,6500,1,0,0,97500,0,0,97500),(8,'HORNO ROTATIVO',2,6500000,1,NULL,619048,NULL,NULL,12380952,13000000),(9,'DESCUENTO',1,-125000,1,NULL,NULL,NULL,NULL,NULL,-125000);

/*Table structure for table `detalle_pasivo` */

DROP TABLE IF EXISTS `detalle_pasivo`;

CREATE TABLE `detalle_pasivo` (
  `id_detalle_pasivo` int(11) NOT NULL AUTO_INCREMENT,
  `detalle` varchar(150) CHARACTER SET utf8mb4 COLLATE utf8mb4_0900_ai_ci DEFAULT NULL,
  `costo` int(11) NOT NULL,
  `cantidad` double NOT NULL,
  `id_pasivo` int(11) NOT NULL,
  `id_stock` int(11) NOT NULL,
  PRIMARY KEY (`id_detalle_pasivo`),
  KEY `fk_detalle_pasivo_pasivo1_idx` (`id_pasivo`),
  KEY `fk_detalle_pasivo_stock1_idx` (`id_stock`),
  CONSTRAINT `fk_detalle_pasivo_pasivo1` FOREIGN KEY (`id_pasivo`) REFERENCES `pasivo` (`id_pasivo`),
  CONSTRAINT `fk_detalle_pasivo_stock1` FOREIGN KEY (`id_stock`) REFERENCES `stock` (`id_stock`)
) ENGINE=InnoDB DEFAULT CHARSET=utf8;

/*Data for the table `detalle_pasivo` */

/*Table structure for table `detalle_pedido` */

DROP TABLE IF EXISTS `detalle_pedido`;

CREATE TABLE `detalle_pedido` (
  `id_detalle_pedido` int(11) NOT NULL AUTO_INCREMENT,
  `detalle` varchar(150) CHARACTER SET utf8mb4 COLLATE utf8mb4_0900_ai_ci NOT NULL,
  `cantidad` int(11) NOT NULL,
  `costo` int(11) NOT NULL,
  `estado` varchar(1) CHARACTER SET utf8mb4 COLLATE utf8mb4_0900_ai_ci NOT NULL DEFAULT '1',
  `id_pedido` int(11) NOT NULL,
  PRIMARY KEY (`id_detalle_pedido`),
  KEY `fk_detalle_pedido_pedido1_idx` (`id_pedido`),
  CONSTRAINT `fk_detalle_pedido_pedido1` FOREIGN KEY (`id_pedido`) REFERENCES `pedido` (`id_pedido`)
) ENGINE=InnoDB DEFAULT CHARSET=utf8;

/*Data for the table `detalle_pedido` */

/*Table structure for table `detalle_presupuesto` */

DROP TABLE IF EXISTS `detalle_presupuesto`;

CREATE TABLE `detalle_presupuesto` (
  `id_detalle_presupuesto` int(11) NOT NULL AUTO_INCREMENT,
  `cantidad` int(11) NOT NULL,
  `producto` varchar(250) CHARACTER SET utf8mb4 COLLATE utf8mb4_0900_ai_ci NOT NULL,
  `costo` int(11) DEFAULT NULL,
  `estado` varchar(1) CHARACTER SET utf8mb4 COLLATE utf8mb4_0900_ai_ci DEFAULT '1',
  `id_presupuesto` int(11) NOT NULL,
  PRIMARY KEY (`id_detalle_presupuesto`),
  KEY `fk_detalle_presupuesto_presupuesto1_idx` (`id_presupuesto`),
  CONSTRAINT `fk_detalle_presupuesto_presupuesto1` FOREIGN KEY (`id_presupuesto`) REFERENCES `presupuesto` (`id_presupuesto`)
) ENGINE=InnoDB DEFAULT CHARSET=utf8;

/*Data for the table `detalle_presupuesto` */

/*Table structure for table `detalle_stock` */

DROP TABLE IF EXISTS `detalle_stock`;

CREATE TABLE `detalle_stock` (
  `id_detalle_stock` int(11) NOT NULL AUTO_INCREMENT,
  `detalle_stock` varchar(45) CHARACTER SET utf8mb4 COLLATE utf8mb4_0900_ai_ci NOT NULL,
  `estado` varchar(1) CHARACTER SET utf8mb4 COLLATE utf8mb4_0900_ai_ci NOT NULL DEFAULT '1',
  `id_producto` int(11) NOT NULL,
  `id_caracteristica` int(11) NOT NULL,
  `id_medida` int(11) NOT NULL,
  `id_deposito` int(11) NOT NULL,
  PRIMARY KEY (`id_detalle_stock`),
  KEY `fk_detalle_stock_producto1_idx` (`id_producto`),
  KEY `fk_detalle_stock_marca1_idx` (`id_caracteristica`),
  KEY `fk_detalle_stock_medida1_idx` (`id_medida`),
  KEY `fk_detalle_stock_deposito1_idx` (`id_deposito`),
  CONSTRAINT `fk_detalle_stock_deposito1` FOREIGN KEY (`id_deposito`) REFERENCES `deposito` (`id_deposito`),
  CONSTRAINT `fk_detalle_stock_marca1` FOREIGN KEY (`id_caracteristica`) REFERENCES `caracteristica` (`id_caracteristica`),
  CONSTRAINT `fk_detalle_stock_medida1` FOREIGN KEY (`id_medida`) REFERENCES `medida` (`id_medida`),
  CONSTRAINT `fk_detalle_stock_producto1` FOREIGN KEY (`id_producto`) REFERENCES `producto` (`id_producto`)
) ENGINE=InnoDB AUTO_INCREMENT=8 DEFAULT CHARSET=utf8;

/*Data for the table `detalle_stock` */

insert  into `detalle_stock`(`id_detalle_stock`,`detalle_stock`,`estado`,`id_producto`,`id_caracteristica`,`id_medida`,`id_deposito`) values (1,'6MM','1',1,1,3,1),(2,'6MM','1',1,2,3,1),(3,'6MM / 12MM','1',2,3,3,2),(5,'6MM / 12MM','1',2,3,3,2),(6,'20X5','1',11,3,6,1),(7,'15X1','1',5,4,6,1);

/*Table structure for table `deudas` */

DROP TABLE IF EXISTS `deudas`;

CREATE TABLE `deudas` (
  `id_deudas` int(11) NOT NULL AUTO_INCREMENT,
  `deuda` int(11) NOT NULL,
  `detalle` varchar(45) CHARACTER SET utf8mb4 COLLATE utf8mb4_0900_ai_ci NOT NULL,
  `fecha` date DEFAULT NULL,
  `tipo_deuda` varchar(1) CHARACTER SET utf8mb4 COLLATE utf8mb4_0900_ai_ci DEFAULT NULL COMMENT '1-pagare/2-recibo',
  `estado` varchar(1) CHARACTER SET utf8mb4 COLLATE utf8mb4_0900_ai_ci DEFAULT '1' COMMENT '1-activo/2-pagado/3-parcialmente',
  `vencimiento` date DEFAULT NULL,
  `imagen` varchar(45) CHARACTER SET utf8mb4 COLLATE utf8mb4_0900_ai_ci DEFAULT NULL,
  `id_pedido` int(11) NOT NULL,
  PRIMARY KEY (`id_deudas`),
  KEY `fk_deudas_pedido1_idx` (`id_pedido`),
  CONSTRAINT `fk_deudas_pedido1` FOREIGN KEY (`id_pedido`) REFERENCES `pedido` (`id_pedido`)
) ENGINE=InnoDB DEFAULT CHARSET=utf8;

/*Data for the table `deudas` */

/*Table structure for table `documento` */

DROP TABLE IF EXISTS `documento`;

CREATE TABLE `documento` (
  `iddocumento` int(11) NOT NULL AUTO_INCREMENT,
  `documento` varchar(45) CHARACTER SET utf8 COLLATE utf8_general_ci NOT NULL,
  `ruc` varchar(45) CHARACTER SET utf8 COLLATE utf8_general_ci DEFAULT NULL,
  `razon_social` varchar(45) CHARACTER SET utf8 COLLATE utf8_general_ci DEFAULT NULL,
  `direccion` varchar(150) CHARACTER SET utf8 COLLATE utf8_general_ci DEFAULT NULL,
  `telefono` varchar(50) CHARACTER SET utf8 COLLATE utf8_general_ci DEFAULT NULL,
  `estado` varchar(1) DEFAULT '1',
  PRIMARY KEY (`iddocumento`),
  UNIQUE KEY `documento_UNIQUE` (`documento`)
) ENGINE=InnoDB AUTO_INCREMENT=2 DEFAULT CHARSET=utf8;

/*Data for the table `documento` */

insert  into `documento`(`iddocumento`,`documento`,`ruc`,`razon_social`,`direccion`,`telefono`,`estado`) values (1,'factura','1704962-8','EL ANTIGUO','Teodoro S. Mongelos Nro. 1736 e/ Republica Francesa y Mayor Fleitas','021229787','1');

/*Table structure for table `empleado` */

DROP TABLE IF EXISTS `empleado`;

CREATE TABLE `empleado` (
  `id_empleado` int(11) NOT NULL AUTO_INCREMENT,
  `nombre` varchar(45) CHARACTER SET utf8mb4 COLLATE utf8mb4_0900_ai_ci NOT NULL,
  `ci` varchar(50) CHARACTER SET utf8mb4 COLLATE utf8mb4_0900_ai_ci DEFAULT NULL,
  `telefono` varchar(45) CHARACTER SET utf8mb4 COLLATE utf8mb4_0900_ai_ci DEFAULT NULL,
  `sueldo` int(11) DEFAULT NULL,
  `nacimiento` date DEFAULT NULL,
  `ciudad` varchar(150) CHARACTER SET utf8 COLLATE utf8_general_ci DEFAULT NULL,
  `cargo` varchar(100) CHARACTER SET utf8 COLLATE utf8_general_ci NOT NULL,
  `estado` varchar(1) CHARACTER SET utf8 COLLATE utf8_general_ci DEFAULT '1' COMMENT '0-inactivo/1-activo',
  PRIMARY KEY (`id_empleado`),
  UNIQUE KEY `ci_UNIQUE` (`ci`)
) ENGINE=InnoDB AUTO_INCREMENT=33 DEFAULT CHARSET=utf8;

/*Data for the table `empleado` */

insert  into `empleado`(`id_empleado`,`nombre`,`ci`,`telefono`,`sueldo`,`nacimiento`,`ciudad`,`cargo`,`estado`) values (1,'gissela melgarejo','5341726','986796256',450000,'1993-06-20','asuncion','secretaria','1'),(2,'ALBERTO MACIEL ','5719783','0972-461417',0,'1994-09-07','san antonio','','1'),(3,'luis britez','1','0985-507 734',0,'1989-08-22','san antonio','','1'),(4,'pablo cantero ','2','0981-944 419',0,'1993-07-22','ñemby','','1'),(5,'william britez','3','0992 541 532',0,'1988-05-29','san antonio','','1'),(6,'marco sotelo','4','0994-343 945',450000,'1990-08-27','asuncion','','1'),(7,'mauro ybañez','3843113','0986 574 873',2500000,'1988-03-23','san antonio','','1'),(8,'enzo toralez','5000000','0984-122416',450000,'1989-05-22','asuncion','','1'),(9,'CARLOS DUARTE ','5','981256623',0,'2016-12-03','asuncion','','1'),(10,'antonio ojeda ','2421267','0981-646432',0,'2016-12-03','capiata','','1'),(11,'julio fretez','6','0983-440979',0,'2016-12-01','fernando de la mora','','1'),(12,'capurro fretez','7','0981-866641',0,'2016-12-03','fernando de la mora ','','1'),(13,'jose coronel ramos ','6006132','0971 524 483',450000,'1996-11-20','san antonio ','','1'),(14,'sergio sotelo','8','0',450000,'1986-05-02','asuncion ','','1'),(15,'beto sotelo ','5121745','0',0,'1989-09-02','asuncion ','','1'),(16,'diego acosta','4555130','992920091',0,'1993-12-21','san antonio','','1'),(17,'anibal sotelo','9','0982-772582',0,'1990-01-01','asuncion','','1'),(18,'fabini aleman ','10','0',0,'2017-04-19','asuncion ','','1'),(19,'hilario sanchez ','1704962','982273782',4,'1968-02-12','','','1'),(20,'ernesto ','11','',1,'2001-01-01','','','1'),(21,'celso cardozo','12','',0,'2018-02-11','','','1'),(22,'ricardo alvarez','13','',1,'2018-04-19','','','1'),(23,'alfredo vargas','14','1',2000000,'2018-05-04','','','1'),(24,'eduardo sanchez','15','',2000000,'2018-05-04','','','1'),(25,'pity','16','',1,'2018-05-16','','','1'),(26,'victor cantero ','17','1',500000,'2000-01-01','','','1'),(32,'FEDERICO LOPEZ','4484207','0981789843',250000,'1990-07-01','ASUNCION','INFORMATICO','0');

/*Table structure for table `inventario` */

DROP TABLE IF EXISTS `inventario`;

CREATE TABLE `inventario` (
  `id_inventario` int(11) NOT NULL AUTO_INCREMENT,
  `fecha` date NOT NULL,
  `cantidad` double NOT NULL,
  `motivo` varchar(100) CHARACTER SET utf8mb4 COLLATE utf8mb4_0900_ai_ci DEFAULT NULL,
  `pendiente` varchar(1) CHARACTER SET utf8mb4 COLLATE utf8mb4_0900_ai_ci NOT NULL DEFAULT '1' COMMENT '0-pedido en proceso, 1 pedido terminado',
  `movimiento` varchar(1) CHARACTER SET utf8 COLLATE utf8_general_ci NOT NULL COMMENT 'entrada, salida',
  `id_empleado` int(11) NOT NULL,
  `id_stock` int(11) NOT NULL,
  PRIMARY KEY (`id_inventario`),
  KEY `fk_inventario_empleado1_idx` (`id_empleado`),
  KEY `fk_inventario_stock1_idx` (`id_stock`),
  CONSTRAINT `fk_inventario_empleado1` FOREIGN KEY (`id_empleado`) REFERENCES `empleado` (`id_empleado`),
  CONSTRAINT `fk_inventario_stock1` FOREIGN KEY (`id_stock`) REFERENCES `stock` (`id_stock`)
) ENGINE=InnoDB AUTO_INCREMENT=8 DEFAULT CHARSET=utf8;

/*Data for the table `inventario` */

insert  into `inventario`(`id_inventario`,`fecha`,`cantidad`,`motivo`,`pendiente`,`movimiento`,`id_empleado`,`id_stock`) values (1,'2020-02-05',1,'horno rotativo','0','0',5,3),(2,'2020-02-05',1,'AMASADORA','0','0',2,3),(3,'2020-02-05',2,'MESADA','1','0',15,2),(4,'2020-02-05',50,'FERRE-EUSEBIO / 25.000','0','1',1,2),(5,'2020-03-02',1,'HORN','0','0',2,1),(6,'2020-03-02',2,'ASDF','0','1',1,1),(7,'2020-03-02',2,'','0','1',1,1);

/*Table structure for table `maquinaria` */

DROP TABLE IF EXISTS `maquinaria`;

CREATE TABLE `maquinaria` (
  `id_maquinaria` int(11) NOT NULL AUTO_INCREMENT,
  `producto` varchar(150) CHARACTER SET utf8mb4 COLLATE utf8mb4_0900_ai_ci NOT NULL,
  `costo` int(11) DEFAULT NULL,
  `img_min` varchar(150) CHARACTER SET utf8mb4 COLLATE utf8mb4_0900_ai_ci DEFAULT NULL,
  `img_big` varchar(150) CHARACTER SET utf8mb4 COLLATE utf8mb4_0900_ai_ci DEFAULT NULL,
  `estado` varchar(1) CHARACTER SET utf8mb4 COLLATE utf8mb4_0900_ai_ci NOT NULL DEFAULT '1',
  `id_categoria` int(11) NOT NULL,
  PRIMARY KEY (`id_maquinaria`),
  KEY `fk_maquinaria_categoria1_idx` (`id_categoria`),
  CONSTRAINT `fk_maquinaria_categoria1` FOREIGN KEY (`id_categoria`) REFERENCES `categoria` (`id_categoria`)
) ENGINE=InnoDB DEFAULT CHARSET=utf8;

/*Data for the table `maquinaria` */

/*Table structure for table `medida` */

DROP TABLE IF EXISTS `medida`;

CREATE TABLE `medida` (
  `id_medida` int(11) NOT NULL AUTO_INCREMENT,
  `unidad` varchar(45) CHARACTER SET utf8 COLLATE utf8_general_ci NOT NULL COMMENT 'litros/cm/m/pulgada',
  `estado` varchar(1) CHARACTER SET utf8 COLLATE utf8_general_ci NOT NULL DEFAULT '1',
  `medida` varchar(45) NOT NULL,
  PRIMARY KEY (`id_medida`)
) ENGINE=InnoDB AUTO_INCREMENT=13 DEFAULT CHARSET=utf8;

/*Data for the table `medida` */

insert  into `medida`(`id_medida`,`unidad`,`estado`,`medida`) values (1,'METRO','1','m'),(2,'CENTIMETRO','1','cm'),(3,'MILIMETRO','1','mm'),(4,'LITROS','1','l'),(5,'GRADO','1','º'),(6,'PULGADA','1','\"'),(7,'UNIDAD','1','u'),(8,'KILOGRAMO','1','kg'),(9,'VOLTIO','1','v'),(10,'AMPER','1','amp'),(11,'CANTIDAD','1','CANT'),(12,'DIAMETRO','1','ø');

/*Table structure for table `pasivo` */

DROP TABLE IF EXISTS `pasivo`;

CREATE TABLE `pasivo` (
  `id_pasivo` int(11) NOT NULL AUTO_INCREMENT,
  `fecha` date NOT NULL,
  `nro_factura` varchar(45) CHARACTER SET utf8mb4 COLLATE utf8mb4_0900_ai_ci DEFAULT NULL,
  `descuento` int(11) DEFAULT NULL,
  `forma_pago` varchar(1) CHARACTER SET utf8mb4 COLLATE utf8mb4_0900_ai_ci DEFAULT NULL COMMENT '1-contado,2-cheque,3-transferencia',
  `estado` varchar(1) CHARACTER SET utf8mb4 COLLATE utf8mb4_0900_ai_ci DEFAULT NULL COMMENT '0-anulado,1-contado,2-credito',
  `id_proveedor` int(11) NOT NULL,
  PRIMARY KEY (`id_pasivo`),
  KEY `fk_pasivo_proveedor1_idx` (`id_proveedor`),
  CONSTRAINT `fk_pasivo_proveedor1` FOREIGN KEY (`id_proveedor`) REFERENCES `proveedor` (`id_proveedor`)
) ENGINE=InnoDB DEFAULT CHARSET=utf8;

/*Data for the table `pasivo` */

/*Table structure for table `pedido` */

DROP TABLE IF EXISTS `pedido`;

CREATE TABLE `pedido` (
  `id_pedido` int(11) NOT NULL AUTO_INCREMENT,
  `id_presupuesto` varchar(45) CHARACTER SET utf8mb4 COLLATE utf8mb4_0900_ai_ci DEFAULT NULL,
  `fecha_pedido` date DEFAULT NULL,
  `fecha_entrega` date DEFAULT NULL,
  `estado` varchar(1) CHARACTER SET utf8mb4 COLLATE utf8mb4_0900_ai_ci DEFAULT '1' COMMENT '1-activo/2-pagado/3-incobrable/0-cancelado',
  `cliente_id_cliente` int(11) NOT NULL,
  `codigo` varchar(45) CHARACTER SET utf8mb4 COLLATE utf8mb4_0900_ai_ci NOT NULL,
  PRIMARY KEY (`id_pedido`),
  KEY `fk_pedido_cliente1_idx` (`cliente_id_cliente`),
  CONSTRAINT `fk_pedido_cliente1` FOREIGN KEY (`cliente_id_cliente`) REFERENCES `cliente` (`id_cliente`)
) ENGINE=InnoDB DEFAULT CHARSET=utf8;

/*Data for the table `pedido` */

/*Table structure for table `plan_cuenta` */

DROP TABLE IF EXISTS `plan_cuenta`;

CREATE TABLE `plan_cuenta` (
  `id_plan_cuenta` int(11) NOT NULL AUTO_INCREMENT,
  `codigo` varchar(45) CHARACTER SET utf8 COLLATE utf8_general_ci NOT NULL,
  `nivel` varchar(45) CHARACTER SET utf8 COLLATE utf8_general_ci NOT NULL,
  `plan` varchar(150) CHARACTER SET utf8 COLLATE utf8_general_ci NOT NULL,
  `estado` varchar(1) DEFAULT '1',
  PRIMARY KEY (`id_plan_cuenta`),
  UNIQUE KEY `codigo_UNIQUE` (`codigo`)
) ENGINE=InnoDB AUTO_INCREMENT=7 DEFAULT CHARSET=utf8 COMMENT='plan de cuentas de la empresa';

/*Data for the table `plan_cuenta` */

insert  into `plan_cuenta`(`id_plan_cuenta`,`codigo`,`nivel`,`plan`,`estado`) values (1,'1','1','ACTIVO','1'),(2,'1.01','2','CAJA - VENTA DIRECTA','1'),(3,'1.02','2','BANCO CONTINENTAL','1'),(4,'1.03','2','CHEQUE','1'),(5,'1.04','2','CAJA - REPARACIONES','1'),(6,'1.05','2','CREDITO - BARCO Y RODADO','1');

/*Table structure for table `presupuesto` */

DROP TABLE IF EXISTS `presupuesto`;

CREATE TABLE `presupuesto` (
  `id_presupuesto` int(11) NOT NULL AUTO_INCREMENT,
  `cliente` varchar(150) CHARACTER SET utf8mb4 COLLATE utf8mb4_0900_ai_ci NOT NULL,
  `fecha` date NOT NULL,
  `estado` varchar(1) CHARACTER SET utf8mb4 COLLATE utf8mb4_0900_ai_ci NOT NULL,
  `numero` varchar(10) CHARACTER SET utf8mb4 COLLATE utf8mb4_0900_ai_ci NOT NULL,
  `descripcion` varchar(200) CHARACTER SET utf8mb4 COLLATE utf8mb4_0900_ai_ci NOT NULL,
  `sustantivo` varchar(45) CHARACTER SET utf8mb4 COLLATE utf8mb4_0900_ai_ci NOT NULL,
  PRIMARY KEY (`id_presupuesto`)
) ENGINE=InnoDB DEFAULT CHARSET=utf8;

/*Data for the table `presupuesto` */

/*Table structure for table `producto` */

DROP TABLE IF EXISTS `producto`;

CREATE TABLE `producto` (
  `id_producto` int(11) NOT NULL AUTO_INCREMENT,
  `producto` varchar(45) CHARACTER SET utf8mb4 COLLATE utf8mb4_0900_ai_ci NOT NULL,
  `estado` varchar(1) NOT NULL DEFAULT '1',
  PRIMARY KEY (`id_producto`),
  UNIQUE KEY `producto_UNIQUE` (`producto`)
) ENGINE=InnoDB AUTO_INCREMENT=33 DEFAULT CHARSET=utf8;

/*Data for the table `producto` */

insert  into `producto`(`id_producto`,`producto`,`estado`) values (1,'MECHA FREZA','1'),(2,'LIMA ROTATIVA ABAULADAS','1'),(3,'PASTILLA WIDIA','1'),(4,'TORNILLO','1'),(5,'ARANDELA','1'),(6,'TIRAFONDO','1'),(7,'TUERCA','1'),(9,'HERRAMIENTA DE CORTE','1'),(10,'JUEGO DE HERRAMINETAS','1'),(11,'BARRA DE NEUTRO','1'),(12,'AISLANTE PARA BARRA DE COBRE','1'),(13,'FIN DE CARRERA','1'),(14,'SELLO METALICO','1'),(15,'LLAVE DE ENCENDIDO','1'),(16,'LLAVE DE ENSENDIDO','1'),(17,'LUZ PILOTO','1'),(18,'RELAY','1'),(19,'PULSADOR','1'),(20,'LLAVE H TRIFASICO','1'),(21,'LLAVE H MONOFASICO','1'),(22,'CINTA TEFLON','1'),(23,'CINTA SEPARADORA','1'),(24,'CINTA AISLADORA','1'),(25,'CINTA ALTA TRMPERATURA','1'),(26,'TERMOSTATO','1'),(27,'PERILLA PARA TERMOSTATOS','1'),(28,'TERMOMETRO','1'),(29,'LIJA','1'),(30,'ELECTRODO DE TUNGSTENO','1'),(31,'HOJA DE TICO TICO','1'),(32,'DESGASTES','1');

/*Table structure for table `proveedor` */

DROP TABLE IF EXISTS `proveedor`;

CREATE TABLE `proveedor` (
  `id_proveedor` int(11) NOT NULL AUTO_INCREMENT,
  `proveedor` varchar(150) CHARACTER SET utf8mb4 COLLATE utf8mb4_0900_ai_ci NOT NULL,
  `direccion` varchar(150) CHARACTER SET utf8mb4 COLLATE utf8mb4_0900_ai_ci DEFAULT NULL,
  `telefono` varchar(45) CHARACTER SET utf8mb4 COLLATE utf8mb4_0900_ai_ci DEFAULT NULL,
  `email` varchar(45) CHARACTER SET utf8mb4 COLLATE utf8mb4_0900_ai_ci DEFAULT NULL,
  `contacto` varchar(45) CHARACTER SET utf8mb4 COLLATE utf8mb4_0900_ai_ci DEFAULT NULL,
  `celular` varchar(45) CHARACTER SET utf8mb4 COLLATE utf8mb4_0900_ai_ci DEFAULT NULL,
  `ruc` varchar(45) CHARACTER SET utf8mb4 COLLATE utf8mb4_0900_ai_ci DEFAULT NULL,
  `ciudad` varchar(45) CHARACTER SET utf8mb4 COLLATE utf8mb4_0900_ai_ci DEFAULT NULL,
  `estado` varchar(1) CHARACTER SET utf8mb4 COLLATE utf8mb4_0900_ai_ci NOT NULL DEFAULT '1',
  PRIMARY KEY (`id_proveedor`),
  UNIQUE KEY `proveedor_UNIQUE` (`proveedor`)
) ENGINE=InnoDB AUTO_INCREMENT=574 DEFAULT CHARSET=utf8;

/*Data for the table `proveedor` */

insert  into `proveedor`(`id_proveedor`,`proveedor`,`direccion`,`telefono`,`email`,`contacto`,`celular`,`ruc`,`ciudad`,`estado`) values (2,'FERRETERIA LEO SA','avda. Eusebio Ayala 697 c/ capitan rivarola ','021-201 431','','','','001-003-0002350','ASUNCION','1'),(3,'FRIOPAR','avda. eusebio ayala 3419 e/rpa argentina ','021-661-410/ 660669','FRIOPAR@TIGO.COM.PY','MARCO ','971392422','80001642-4','ASUNCION ','1'),(4,'IMPORMAK S.A ','Avda. Eusebio ayala Nº 4452 c/ La Victoria ','021-525-280','','','','80018473-4','ASUNCION ','1'),(5,'SOLWA','Nstra. Sra. de la Asuncion Nº233 c/ Palma','021-443-458','','','','80003336-1','ASUNCION ','1'),(6,'AUTOMOVIL SUPPLY S.A.','humaita 299 esq. chile ','021-448656 215060/ 207002/ 206','','','','80001129-5','ASUNCION ','1'),(7,'CIMIENTO ','teodoro s. mongelos Nº 1594 c/ valanza','021-214-932','','','021-229634','5053292-8','ASUNCION ','1'),(8,'LINCOLN S.A ','ruta gral aquino y felipe gonzi lez ','204439/204436','','MARCO','0981-436027','80003398-1','ASUNCION ','1'),(9,'IMECOM S.A.','Teodoro S. Mongelos 4949','021-220-211 / 233-115','IMECOMPY@GMAIL.COM','','','80037238-7','ASUNCION ','1'),(10,'PICHON ','asuncion','','','','983108721','1111118','ASUNCION','1'),(11,'RECORD ELECTRIC S.A.E.C.A.','Avda. Boggiani 7367 c/musicos del chaco','021-513-920 ','','','','80016166-1','ASUNCION ','1'),(12,'TERMOLUX S.A.C.I.','RUTA 9 CARLOS ANTONIO LOPEZ Nº 419 C/BOQUERON','021-755-616','TERMOLUXSACI@HOTMAIL.COM','','','80019127-7','M.R ALONSO ','1'),(13,'3A COMERCIAL ','Pettisrossi 787','223-704','','','','360688-0','ASUNCION ','1'),(14,'LANUS E HIJOS S.A','av. eusebio ayala 1659','021-228-134','ADMINISTRACION@LANUSEHIJOS.COM.PY','','0981-466-238','80012611-4','ASUNCION ','1'),(15,'NUEVO HORIZONTE ','AV.EUSEBIO AYALA Nº 359 C/22 DE SETIEMBRE ','021-203-619','','','','1533054-0','ASUNCION ','1'),(16,'RESORTES D&J','av. fernando de la mora 380 c/ 3febrero ','021-203-855','','','0982-640-908','211905-0','ASUNCION ','1'),(17,'CLIMARCO','Tte. Fariña Nº 239 e/ iturbe y yegros ','021-210-230 ','','','','80003591-7','ASUNCION ','1'),(18,'ELECTRICA SOLUCION','av. eusebio ayala 3358 c/rca. argentina ','558-786 / 562-308','','','','80051424-6','ASUNCION ','1'),(19,'PINTURAS AMAMBAY','Jose A. Flores e/ Bernardino CaballeroNº 1122 ','211-132','','','','80011296-2','ASUNCION ','1'),(20,'GOTZE INGENIERIA S.A ','tte. ettiene y decima - fernando de la mora ','021-672-778 /675493','','','','80046302-1','FERNANDO DE LA MORA ','1'),(21,'CASA PETTIROSSI','PETTIROSSI 775 ','223-765','','','','429955-8','ASUNCION ','1'),(22,'COMERCIAL SAN RAFAEL ','CENTRO COMERCIAL SAN ANTONIO ','','','','','2245003-3','ASUNCION ','1'),(23,'ESTACION BAHIA S.A.','teodoro mongelos e/ republica francesa','','','','','80016742-2','ASUNCION ','1'),(24,'LA SAMPEDRANA S.R.L','C/ AVDA. EUSEBIO AYALA ','553-356 / 551-722','','','','80006543-3','ASUNCION ','1'),(25,'IMPORTADORA INDUSTRIAL Y COMERCIAL','Nazareth Nº165 c/avda. eusebio ayala y guaranies','557-713 / 557-714','','','','809945-6','ASUNCION ','1'),(26,'IMPORTADORA PARANA S.A ','Av. Dr. Eusebio ayala c/ Boggiani 4898','021-520-000','i-parana@iparana.com.py','','','80024245-9','ASUNCION ','1'),(27,'ROTELA E.I.R.L TECNOLOGIA  EN ALIMENTOS','JULIAN CORREA 830 e/ LOPE DE VEGA ','021-523-984','','','','80068129-0','SAN LORENZO ','1'),(28,'FERRETERIA TRINIDENSE','Avda. antigas 2813 c/Suiza ','021-293-767','','','','741806-0','ASUNCION ','1'),(29,'EL EMPORIO DEL REPUESTO','gral. aquino 1180 c/pettirossi ','208-160','emporio@emporio.com.py','','','80081684-6','ASUNCION ','1'),(30,'ENRIQUE REMMELE S.A.C. .E.I','CAPITAN JULIAN INSFRAN Nº 148 C/INGLATERRA ','021-299-575','','','','80008448-9','ASUNCION ','1'),(31,'EL ANTIGUO','MANUEL DOMINGUEZ Nº 1736 C/ REPUBLICA FRANCESA ','021-229-787','EL_ANTIGUO_07@HOTMAIL.COM','HILARIO SANCHEZ ','0982-273-782','17404962-8','ASUNCION ','1'),(33,'THE HOME DEPOT S.A ','AVDA. SAN ISIDRO 5988 C/JUAN DEL CASTILLO ','021-907-845','','','','80065057-3','LAMBARE','1'),(34,'EL REY DE LA GASTRONOMIA ','avda. eusebio ayala Nº 1253 ','021-233-815','EUROPACOMERCIALCOLMAN@GMAIL.COM','','','460112-2','ASUNCION ','1'),(35,'PROVINDUS S.A. ','Av. Dr. Eusebio Ayala 3.747','','','','','80010810-8','ASUNCION ','1'),(36,'ELECTROPAR ','av. republica argentina Nº 1778 ','021-616-7000','','','','80009085-3','ASUNCION ','1'),(37,'FERRETERIA & DEPOSITO DE MATERIALES ','san roque gonzalez de santa cruz e/del maestro Bº san jorge','021-297-247','','','','2046876-8','MARIANO ROQUE ALONSO ','1'),(38,'LUMINOTECNIA S.A','ACCESO SUR Nº 209 ','021-514-397','','','','80056473-1','FERNANDO DE LA MORA ','1'),(39,'FERRETERIA MANOLO ','AVDA. EUSEBIO AYALA Nº 349/C/22 DE SEPTIEMBRE ','021-222-926','','','','598537-4','ASUNCION ','1'),(40,'CARLOS ANTONIO LOPEZ ','JOHN F KENNEDY C/EUSEBIO AYALA Nº 1.122 ','202-961','','','','341403-5','ASUNCION ','1'),(41,'INOXPAR ','Av. Defensores del Chaco 467 ','944-333','VENTAS@INOXPAR.COM.PY','','','800033497-3','VILLA ELISA ','1'),(42,'FIPAR ','RCA. DE COLOMBIA Nº 35 C/RUTA MCAL. ESTIGARRIBIA','061-572-411','','','','709968-1','CIUDAD DEL ESTE','1'),(43,'DIGLASS ','av. eusebio ayala 3739 ','021-603-595  (021) 605 563','','','','824308-5','ASUNCION ','1'),(44,'SANTA ANA IMPORT. EXPORT S.A.','FRANCISCO SOLANO LOPEZ C7B ACEBAL ','061-506-849','','','','80038145-9','CIUDAD DEL ESTE','1'),(45,'PERFALUM','Tte Rene Brugad y Eduardo San Martin - Tel.; 502-268','502-268','','','','80025869-0','ASUNCION ','1'),(46,'MATERIA PRIMA INDUSTRIAL ','BARTOLOME DE LAS CASAS 568 ESQ. TOBATI ','558-324 / 558-325','','','','80007100-0','ASUNCION ','1'),(47,'HIERRO PLUS ','FRAY LUIS DE BOLAÑOS 113 e/Avda. Eusebio Ayala ','557-801 ','','','0986-316-729','80025298-5','ASUNCION ','1'),(48,'ALUMINIO DE ACOMAR S.A ','9 de mayo e/22 de septiembre y vice. pte. sanchez Nº 2249','021-210 145','','','','80008209-5','ASUNCION ','1'),(49,'MUNDI ELECTRONIC','gral burguez Nº 104 c/ 9 marzo','021 255 480','','X','0985-849202','1884409-0','ASUNCION ','1'),(50,'ACIRON METALES S.R.L ','AV. MADAME LYNCH 470 ','672-168','','','','80003134-2','ASUNCION ','1'),(51,'SEMAR S.R.L ','av. eusebio ayala e/pastora cespedes y camilo centurion ','613-830','semar@semar.com.py','','','80011162','ASUNCION ','1'),(52,'BALLASCH INTERNACIONAL S.A','Avda. Mariscal Solano lopez 5343 fernando de  la mora','021-674 031/2 - 674 564-5','','NO','0','80007236-7','ASUNCION','1'),(53,'SERGIO MANUEL FRETES','teodoro S Mongelos 1855 c/ gral Aquino','021-212 279','','FRETES','0','1863168-1','ASUNCION','1'),(54,'MANANTIAL','1ro de noviembre y eusebio ayala','021-227 466','','','','963726-5','SUNCION','1'),(55,'FERRETERIA LA TUERCA LOCA ','Teodoro S. Mongelos Nº1565 c7 ernesto balanza ','021-225-450','','','0986-679-359','3738176-8','ASUNCION ','1'),(56,'ATIBAL ','avda. eusebio ayala Nº 1166 c/ 12 de octubre ','021-206-788','','','','8005706-0','ASUNCION ','1'),(57,'TODOGOMA S.R.L ','AVDA EUSEBIO AYALA C/CENTENARIO ','021-203-616','','','','80002879-1','ASUNCION ','1'),(58,'PEREZ RAMIREZ ','PALMA 561 E/14 DE MAYO Y 15 DE AGOSTO','441-732','info@perezramirez.com.py','','','80002745-0','ASUNCION ','1'),(59,'ESTACION DE SERVICIO PUMA KISCAC SACIA ','teodoro momgelos 1011 c/ bernardino c. ','','','','','80022576-7','ASUNCION ','1'),(60,'ACERO MARTINEZ SRL','avda. la victoria e/ guaranies y carios ','021/555392','','X','0981-430 684','80038829-1','ASUNCION','1'),(62,'PERFILADOS PARAGUAY','ruta ñemby 388c/ alejandro sarate','941 533 - 944 414 - 944 515','','','x','80013080-4','VILLA ELIZA','1'),(63,'ALUMERCO SRL','santiago Nº 937 c/ argaña','206 167 / 212 928','info@alumerco.com.py','','0986-187 200','80044153-2','AUNCION','1'),(64,'REFRIMIN S.R.L','avda gral santos 1307 e/ 11 de diciembre ','021-220-877','','','','80094267-1','ASUNCION ','1'),(65,'ONSA S.R.L','avda eusebio ayala 3450 c/ lapacho ','','','','','80016583-7','ASUNCION ','1'),(66,'GRIFICA SAN MIGUEL','Gral aquino 970 c/ jose asuncion flores ','021-205-386','graficasanmiguelm@gmail.com','','','3446928-5','ASUNCION ','1'),(67,'GASMAX','transchaco 1753 c tte. monges ','021-290-943','','','','80086890-0','ASUNCION ','1'),(68,'PETERSEN ','santo tomas entre artigas y via ferrea ','021-206-131/6','','CAROLINA GONZALEZ ','','800032641-5','ASUNCION ','1'),(69,'FIFY S.A ','av. mcal lopez 1579 e/callejon olimpia y pitiatuta','021-209-122/4','adm@fify.com.py','','0981-802-807','80026293-0','ASUNCION ','1'),(70,'COMAGRO','eusebio ayala casi san martin','21556450','','MARCELO SOSA','0982-834510','0','ASUNCION','1'),(71,'LA CASA DE LOS CABOS','avda. Eusebio ayala 1551 c/ Kubistchek','021-206046/ 021-227 910','casadeloscabos@gmail.com','','','80085761-5','ASUNCION','1'),(72,'BRICOPAR SRL','avda. Eusebio Ayala 2471 c/ tte martinez','021-553957/ 021- 203 398','bricopar@rieder.net.py','','0982-506 367','80016632-9','ASUNCION','1'),(73,'INVIPINT S.A.C.I ','Mcal. Estigarribia Km 8 1/2 c/ tte. Ettiene. Central','021-508-691','','','','80022935-5','FERNANDO DE LA MORA ','1'),(74,'LUXACRIL S.A','tte 1º martinez ramella Nº1360 c/esebio ayala ','221-041','','','0984-355598','80016252-8','ASUNCION','1'),(75,'EUROIMPORT','L.A. DE HERRERA 687 C/ANTEQUERA ','449-739','','','','80031146-9','ASUNCION','1'),(76,'COPETROL S.A ','MCAL LOPEZ Nº5557 CASI RPGELIO BENITEZ ','021-608-316/19','','','','80007760-1','ASUNCION','1'),(77,'TRICOLOR S.A','ruta mcal estigarriba Nº 524','021-505-190','','','','80029149-2','ASUNCION','1'),(78,'CHACO FERRETERIAY PINTURA','avda eusebio ayala Nº 1165º e/33 orientales','225-380','','','','80046121-5','ASUNCION','1'),(79,'FORTRESS','avda fernando de la moa c/zanapana  Nº3317','0981-475-81','corpfortress7777@gmail.com','','','2320561-0','ASUNCION','1'),(80,'ABC COLOR','yegros 745','415-1000','','','','80001788-9','ASUNCION','1'),(81,'VICO ','TEODORO MONGELOS ','021-226-146','','','','2894577-8','ASUNCION ','1'),(82,'MV ACEROS S.A','BRASIL 1061 C/ NICANOR RIOS ','021-576-739','','','','80084373-8','SAN LORENZO','1'),(83,'ELECTROBELL ','EUSEBIO AYALA Nº 186 e/ 33 Orientales y 12 de Octubre ','021-208-*987','','','','704624-3','ASUNCION ','1'),(84,'EMPRENDIMIENTO SAGOL ','ASUNCION ','991762240','','','','000000-0','ASUNCION ','1'),(85,'CONESUL ','asuncion','','','','972213607','000000-0','ASUNCION ','1'),(86,'UNION INDUSTRIAL PARAGUAYA ','sacramento Nº 945 ','021 212 556 / 213 360','','','','80023473-1','ASUNCION ','1'),(87,'ARPAMAR','AVDA EUSEBIO AYALA 2196 E/ FRAU LUIS BOLAÑOS DE LAS CASAS ','021-559-765','','','','456447-2','ASUNCION ','1'),(88,'FERRETERIA QUINTA AVENIDA ','5TA AVENIDA Nº993 ESQUINA EEUU','374-104','','','','80049348-6','ASUNCION ','1'),(90,'M.I ILUMINACION','eusebio ayala Nº 339 e/ 22 de setiembre y mayor bullo','021-227-938','','','','2408759-9','ASUNCION','1'),(91,'SKY NET','estrella 685','021-443-785','','','','80003851-7','ASUNCION ','1'),(92,'CASA IRISMAR SRL','AVDA. PETTIROSSI 883','021-223-355','','','','80003281-0','ASUNCION','1'),(93,'LA CASA DE LAS MANGUERAS','AVDA EUSEBIO AYALA 2987 Y PASAJE TEMBETARY','021-338-7406','','','','80008151-0','ASUNCION','1'),(94,'FOC PINTURA AUTOMOTIVA','SACRAMENTO Nº 2224','021-286-255','','','','2482925-0','ASUNCION','1'),(95,'TSI TRANSPORTADORA','ASUNCION','','','','','XXX','ASUNCION','1'),(96,'PARABRISAS LA MODERNA','ruta acceso sur Nº 9587 y 9 de agosto','021-964-968','','','','80049825-9','ñEMBY','1'),(97,'MERCEDES BENZ','XXX','','','','','XXX','XXX','1'),(98,'ELECTRODIESEL','EUSEBIO AYALA 3781 C/ CAMILO RECALDE','0800-117-676','','','','80020578-2','ASUNCION ','1'),(99,'DF DIRECTO DE FABRICA','AVDA GRAL SANTOS 995 C/ J.A FLORES','220-266','','','0981-406-908','3751557-8','ASUNCION ','1'),(100,'OG RESPUESTOS','YEGROS 1150','490-525','','','','80020731-9','ASUNCION ','1'),(101,'MOLERI LLANTAS S.A','AVDA EUSEBIO AYALA 2444','021-559-288','','','','80049874-7','ASUNCION ','1'),(102,'ELECTROFERBASAN','SAN BERNARDINO','0512-232-371','','','','718148-5','SAN BERNARDINO','1'),(103,'ALCION','ÑEEMBUCU Nº3225 C/ PARAISO','557-533','','','557-534','80018652-4','ASUNCION','1'),(104,'7 DE MAYO','RUTA TRANSCHACO KM12 1/2 C/ HOVENIA','021-295-979','','','0985-507-236','80072319-8','ASUNCION','1'),(105,'FORMI COLOR EIRL','AVIADORES DEL CHACO 2742','021-611-603','','','0982-123-678','1020216-1','ASUNCION','1'),(106,'ASERE Y H','EUSEBIO AYALA 326','021-227-766','','','','940736-7','AUNCION','1'),(107,'JAZMIN ROPERIA','avda petirrosi','021-205961','','','','80060432-6','ASUNCION ','1'),(108,'NOVA TRADING S.A','pettirossi Nº 721','021-223-785','','','','80081959-4','ASUNCION ','1'),(109,'MARTINEZ HNOS','RODRIGUEZ DE FRANCIA 1950','021-211-257','','','','80001688-2','ASUNCION','1'),(110,'MULTISERVISE LIDA','YEGROS Nº168','021-494-948','','','','2046967-5','ASUNCION','1'),(111,'LUMI CORP','AVDA ARTIGAS 988','021-249-2000','','','','80000505-8','ASUNCION ','1'),(112,'FERRETERIA SAN FRANCISCO','RUTA 9 Nº 394','021-327-8977','','','','3744091-8','M.R ALONSO ','1'),(113,'CACESA','FRAY LUS  BOLAÑOS E/ EUSEBIO AYALA','','','','','80007890-0','ASUNCION','1'),(114,'CASA BENTO','AVIADORES DEL CHACO 3536','','','','','1371295-0','ASUNCION','1'),(115,'FERRETERIA SANTA RITA','RUTA 9 CARLOS ANTONIO LOPEZ','021-753-908','','','','3781949-6','MARIANO ROQUE ALONSO ','1'),(116,'CEMATEL','CACIQUE LAMBARE 1025','021-903-839','','','','1124909-9','LAMBARE','1'),(117,'ALAMBRES DUPLEX','PERU 973C/ PETIROSSI','021-226-134','','','0981-430.944','80051897-7','ASUNCION','1'),(118,'IMAR SRL','zucre c/ dr pellon','0981130713 ña nena','','','0982-873 790 blanca san l','80063087-4','ASUNCION ','1'),(119,'CCP','AVDA RCA ARGENTINA','553-270','','','','8000077-3','ASUNCION ','1'),(120,'CASA GLETE','TTE FARIÑA C/ KUBISCHE','212-404','','','','931337-0','ASUNCION ','1'),(121,'CEMENTO S.A','montevideo e/ jejui','021-442-821','','','','80097564-2','ASUNCION ','1'),(122,'MOVITER','TACUARY 1070','444-131','','','','80001700-5','ASUNCION','1'),(123,'CASA DE LOS TALADROS','SANTACRUZ DE A SIERRA 2013 C/ JOSE A. FLORES','615-628','','','','80049235-8','ASUNCION ','1'),(124,'BENI COMERCIAL S.R.L','VDA MCAL. LOPEZ 1003 ESQ. AYALA CANDIA','','','','','80010566-4','FERNANDO DE LA MORA ','1'),(125,'MATERSAN SAE','X','','','','','80012423-5','','1'),(126,'CASA SAN BLAS','X','','','','','931647-7','','1'),(127,'ATLANTIC SAE','SAN LORENZO','021-577-066','','','','80013805-8','SAN LORENZO ','1'),(128,'PROYEC SAE','D','','','','','V','','1'),(129,'DELIMIRO EDGAR THIESSEN HARDER','DURAZNO CASI PAZ DEL CHACO','','','','0986-107-084','3439091-0','LAMBARE','1'),(130,'ELECTROMOVIL S.A','AVDA EUSEBIO AYALA 2380','','','','','80079474-5','ASUNCION','1'),(131,'HIDROSA S.A','Prof. Conradi 1492 esq. Teresa Lamas Carisimo ','503 315','','','','ZZA','ASUNCION / PARAGUAY','1'),(132,'R.T SOLUCIONES S.A. ','Colon esquina oliva ','021-496-279','','','','80026541-6','FERNANDO DE LA MORA ','1'),(133,'CASA LA PREFERIDA ','avda soldado pyo calle boqueron alberdi ','','','','','0','ALBERDI ','1'),(134,'FERRELUX','15 de agosto 625','448498','','','','80000073-0','ASUNCION ','1'),(135,'NGO ','N','','','','','80014137-7','','1'),(136,'MPI IMPORTACIONES - REPRESENTACIONES','BARTOLOME DE LAS CASAS 558 ESQ TOBATI','558-324','','','558-325','80007100-0','ASUNCION','1'),(137,'MELLA S.A / CASA DE LOS COMPRESORES ','EUSEBIO AYALA ','021-555-882  ','','','','80049455-5','ASUNCION ','1'),(138,'HIERROS YACARE','FERNADO DE LA MORA','513-370','','','','80015483-5','FERNANDO DE LA MORA ','1'),(139,'AV RESPUESTOS INDUSTRIALES S.A','eusebio ayala','613-220','','','0981-483464','12227565','ASUNCION ','1'),(140,'EDITORIAL EL PAIS','BENJAMIN CONSTANT','','','','','80004242-5','ASUNCION','1'),(141,'ITANA S.A','ENCARNACION','204-939','','','','80083473-9','ENCARNACION','1'),(142,'SIBOL SAC','Z','','','','','80003587-9','','1'),(144,'KATUPYRY','eusebio ayala','','','','','450092-0','ASUNCION ','1'),(145,'LA CASA DE LAS PINTURAS ','AVDA EUSEBIO AYALA Nº 134 E/ PROCERES DE MAYO Y YUTU ','021-223-064','','','','80016226-9','ASUNCION','1'),(146,'C&G COMERCIAL ','EUSEBIO AYALA Nº 339 E/22 DE SEPTIEMBRE Y MAYOR BULLO ','021-227-938','','','','2408759-9','ASUNCION','1'),(147,'IMC9 FERRETERIA MERCANTIL CAMPO 9 S.A','ruta internacional Nº7, gaspar rodriguez ','','','','','80077517-1','CAAGUAZI¹ ','1'),(148,'ITARENDY S.A ELECTRODOS ','AV. MEDICOS DEL CHACO 2866','021-552526','','','','80001878-8','ASUNCION','1'),(149,'SAN LUIS ','DR. J. E ESTIGARRIBIA ','0528-222-492','','','0971-463-215','1229414-4','ESTIGARRIBIA ','1'),(150,'ELECTRO GALE ','cap. caballero 1275 entre Mcal Lopez y Sto Areco ','0516-262425','','','','929676-0','TOBATI ','1'),(151,'AR INFORMATICA ','MCAL ESTIGARRIBIA C/COLON ','','','','','3380280-7','LIMPIO','1'),(152,'ELECTRICIDAD RAMIREZ ','MCAL ESTIGARRIBIA E/ RUTA 3 GRAL AQUINO Y FULGENCIO YEGROS Nº 204','021-780-375','','','','477063-3','LIMPIO','1'),(153,'RUFINO','jose suncion foe Nº3872 y radio operadores del chaco','','','','','800280-4','ASUNION','1'),(155,'CASA KUO PING ','pettirossi y pader A levera ','206378','','','','1873079-5','ASUNCION','1'),(156,'PETROPAR','asdasdas','','','','','1099230-8','ASUNCION','1'),(158,'COMPAÑIA PARAGUAYA DE RULEMANES','eusebio ayala 1996 esqui parpiti','','','','','80003592-5','ASUNCION','1'),(159,'LASER INFORMACA','aaa','','','','','92378-0','ASUNCION','1'),(161,'SANITARIOS ALBORADA','aa','','','','','357614-0','ASUNCION','1'),(162,'GRUMEPOR','Dr. Miguel angel maffiodo Nº 9888 y Mnos Hermenegildo','','','','971142434','3672944-2','LAMBARIE','1'),(163,'SAN CAYETANO S.R.L','asuncion ','224347','','','','0','ASUNCION','1'),(164,'COEXMA S.R.L ','av monseÑor javier bogarin c/e luqueÑo ','061-509704','COEXMA@COEXMA.COM.PY','','984567201','80053510-3','LUQUE','1'),(165,'INDUCACHO SACI','avda. eusebio ayala Nº 3420 e/ avda rca. Argntina  ','21556961','inducauc@conexion.com.py','','0981-507911','80007796-2','ASUNCION','1'),(166,'LA YUTEÑA SA ','AVDA EUSEBIO AYALA 3385 C/ 33 ORIENTALES','021-225253','','HUGO CERVELION ROA ','0984-183802','80023705-6','ASNCION','1'),(167,'CASA TRUCK SA','avda madame lynch 674 fernando 674','021-507663','','0','0','80052134-0','ASUNCION','1'),(168,'FROLAR SHOP','x','061-514279','','','0','7510797-0','','1'),(169,'L&K CONSTRUCTURA EMPRENDIMIENTOS INMOBILIARIO','mecanicos de aviacion 1325','525742','','ARQ. LARIZZA KUJAWA','0982-135588','655331-1','ASUNCION ','1'),(170,'ELECTROTOTAL','ruta traschaco','','','N','0984-152093','1593477-2','MARIANO ROQUE ALONZO','1'),(171,'IN GASTRO SRL','avda guarani c/ supercarretera','061-553089','','','973431113','80064151-5','IREA 5','1'),(172,'CINTIA GONZALEZ ','25 de mayo Nº 1580 e Peri¹ y cnel uis Irrazabal ','21229497','','','','1483648-3','ASUNCION','1'),(173,'FERRETERIA DON EUSEBIO ','AV. EUSEBIO AYALA ','','','','','834512-0','ASUNCION','1'),(174,'FORMOSA S.A ','MARISCAL SAMANIEGO  A 250 METROS DE LA ESCUELA ARROYITO ','021 226 105','','','','80007792-0','ITA ','1'),(175,'WALTER IMPORTACIONES ','cnel francisco martinez Nº 507 esq san bautista ','021 902042','','','0981 477765','2911489-6','LAMBARE','1'),(176,'LA CASA DE LAS CORREAS ','del maestro 454 e/ Reclus y Gomez de castro','021 604418','','','','8007313195-6','ASUNCION ','1'),(177,'DELEON AUTOMOTORES','LAPACHO Nº 159 ','','','','0961-806053','13013134-1','ASUNCION ','1'),(178,'LA CASA DE LOS TALADROS ','BARRIO TEMBETARY','021-6156828','','','0981-428781','80049235-8','ASUNCION','1'),(179,'MYLIFE SA','DR EMILIO RIOS ESQ.PROFESOR RIQUELME 1265','021-215033','','','21212055','80016335-4','ASUNCION ','1'),(180,'TUNING K-1','X','021-207584','','','','1909793-0','ASUNCION ','1'),(181,'LA ASUNCENA ','ASUNCION','503466','','','962586412','80028835-1','ASUNCION','1'),(182,'BELLA ELIZA  GONZALEZ TORRENTS NOTARIA Y ESCRIBANA','avda. ruta a Ñemby n. 1626 y francisco paredes','21513743','','','','525604-6','VLLA ELISA','1'),(183,'SANYCER SANITARIOS Y CERIMICAS S.A.C.I.','avda. eusebio ayala 996 c/ 1ro. de noiembre','21208250','','','','80030944-8','ASUNCION','1'),(184,'M.T. BAT. S.A.','avda. eusebio ayala 3443','','mtbatsa@gmail.com','','981229945','80019940-5','ASUNCION','1'),(185,'COMPAÑIA SAN IGNACIO','aparypy y tabapy','21557030','','','','80051359-2','ASUNCON ','1'),(186,'SERVICE FLORENTIN','av. Rodriguez de francia e/cap.figari','','','','981941270','1964320-9','ASUNCION','1'),(187,'SUPERMERCADO ALICIA','mayor fleitas 995c/ luis guanela','201879','','','','2482854-8','ASUNCION','1'),(188,'ESTACION DE SERVICIO PRIMAVERA','lillo 2626 y emeterio miranda','','','','','495219-7','ASUNCION','1'),(189,'PACHAS PUBLICIDAD','teodoro s. mongelos 1769 e/ rca. francesa y mayor fleitas','21221018','','','983418866','4785261-5','ASUNCION','1'),(190,'TIGO','mcal. lopez 2569 y tte. insaurralde','6189000','','','','80000519-8','ASUNCION','1'),(191,'ESSAP','jose berges 516 ','225001/3','','','','80024191-6','ASUNCION','1'),(192,'COPACO','alberdi 531 c/ oliva','595-21 448400','','','','80023541-0','ASUNCION','1'),(193,'CASA ENCINA','pettirosi Nº 771','21224378','','','','1784975-6','ASUNCION','1'),(194,'ELECTROM-IMPORT','cerro cora c/ brasil','210333/4','','','','80025846-0','ASUNCION','1'),(195,'AMP','PIRIBEBUY','21493573','','','','80084383-5','ASUNCION','1'),(196,'MOTO GIRO','av. eusebio ayala 4248 c/ avd. de la victoria','213289776','','','','80000469-8','ASUNCION','1'),(197,'CALLE ULTIMA SRL','avd. eusebio ayala 5075 casi medicos del chaco','21511611','','','','80021663','ASUNCION','1'),(198,'GOL NEUMATICOS','av.de la victoria 1805 esq. dr. juan netto','','','','983118092','001-001-0043107','ASUNCION','1'),(199,'ALQUILER CASA','casa de hlario','','','','','ccc','ASUNCION ','1'),(200,'FERRETERIA MAGALI','ruta mcal. estigarribia','','','','981347124','001-001-0007826','CAPIATA','1'),(201,'CHE KAPI FERRETERIA Y CONSTRUCCIONES','xxxxxx','','','','','4223733-5','CAPIATA','1'),(202,'GOLDEN TRADE S.R.L','palma','','','','','80002894-5','ASUNCION','1'),(203,'CASA ZARATE','Avda. Eusebio Ayala Nº 385 c/22 de Septiembre','21203972','','','','358488-7','ASUNCION ','1'),(204,'NEW TECH','Avda. Pettirossi Nº 816 esq. Mayor Fleitas','021-207919','','','986700065','5164675-7','ASUNCION ','1'),(205,'FARMACIA ZULMI SRL','A.de Figueroa 1024 c/EEUU','21206617','','','94139243','80098649-0','ASUNCION ','1'),(206,'TERMA S.A.','Ruta 1 km 20.5 entre Repiºblica Argentina y Humaiti¡','0228-629224','','','','80030538-8','CAPIATA','1'),(207,'GLASSTEX MARCOS ROMAN S.A.','Ramal Aregua Bª San Josi© Obrero Ci­a Costas Fleitas','0228-632836 ','','','0986-556831','80069828-2','AREGUA','1'),(208,'FERRETERIA SAN MARTIN','Spano 1115 c/Bulnes','609685','','','','779827-0','ASUNCION ','1'),(209,'REFRIGERACION EUROPA','Avda. Eusebio Ayala Nº1005','021-213984','','','','460112-2','ASUNCION','1'),(210,'FERRETERIA & CERIMICA ONSA S.R.L. ','Avda. Eusebio Ayala 3450 c/ Lapacho ','','','','','001-001-0369290','ASUNCION','1'),(211,'LIBRA','Avenida Eusebio Ayala casi Pirini Nº1987','21557930','','','','1855296-0','ASUNCION ','1'),(212,'BKM BERKEMEYER','Avda. Aviadores del chaco esq. Prof. Delia Frutos de Gonzalez Nº2050','021-446706','','','','80098135-9','ASUNCION ','1'),(213,'IMPRENTA IMAGEN','Ruta Carlos A. Lopez c/Porta o´Higgins 2119','021-298369','','','981941509','2661961-0','ASUNCION ','1'),(214,'CASA CHUMI','CALLE PETTIROSSI E/MAYOR FLEITES - GALERIA BONANZA LOCAL Nº75','021-201370','','','','920165-DV:3','ASUNCION ','1'),(215,'ALMACEN DE SUELAS FERNANDO','MAYOR FLEITAS Nº1184 E/PETTIROSSI Y 9 DE MARZO','021-213430','','','','1463466-0','ASUNCION ','1'),(216,'HOTEL CHE PARAJEMI','Av. FloridA casi >Edda Balbuena de Ayala','','','','082-434830','1508660-7','SANTA ROSA - MISIONES','1'),(217,'FERRETERIA EL TRIANGULO','Gral. Diaz e/25 de noviembre y Josi© del Rosario Acosta','','','','0975-171891','3839127-9','SANTA ROSA - MISIONES','1'),(218,'INSTALADORA SALCEDO','Lillo c/ Felix Cabrera Nº2820','609787','','','','652949-6','ASUNCION ','1'),(219,'INDUSTRIAS CEL','Felipe Gonzalez e/Unanue','641031','','','','001-001-0002520','LUQUE','1'),(220,'L&K CONSTRUCTORA EMPRENDIMIENTOS INMOBILIARIOS','Mecanicos de Aviacion Nº1325','525-742','','LARIZZA KUJAWA','0991-737326','655331-1','ASUNCION ','1'),(221,'TOTAL GAS ','Josi© Asuncion Flores Nº 2575 c/Gral. Santos','021-200926','','','','3496067-8','ASUNCION ','1'),(222,'H.O. ELECTRONICA','9 de marzo 1814 c/Mayor Fleitas locales 33-34','021-3269993','','','','1704962-8','ASUNCION ','1'),(223,'EXTINTORES PARANA S.R.L.','Gral. Genes 308 e/San Lorenzo','21590441','','','','80051477-7','SAN LORENZO','1'),(224,'TODOBRASILEROS S.A.','Avenida Eusebio Ayala Nº 1137/1141 c/33 Orientales ','021-201323','todobrasileros@importpiezas.com.py','','','001-001-0051120','ASUNCION ','1'),(225,'REDA REPUESTOS','Avenida Fernando de la Mora Nº 1490 c/Dr. Centurion  ','021-554683','','','','80095256-1','ASUNCION ','1'),(226,'ANDE','Avenida España 1268','','','','','8000735-1','ASUNCION ','1'),(227,'SONIA ESTELVINA FERNANDEZ CABALLERO','avenida gaspar rodriguez de francia 1253 e/ rojas silva y cap. figari','021-233815','','','0983-290881','4955112-4','ASUNCION ','1'),(228,'IMPERIAL HOTEL ','avenida 14 de mayo e/Gral Juan E. Diaz y Adela Esperati','0673-220314 / 221276','','','','80025783-9','SANTA RITA - ALTO PARANA','1'),(229,'EL MESTIZO LA CASA DEL SANDWICH','avenida Fernando de la Mora 992, esq Avalos Sanchez ','.','','.','','1575794-3','ASUNCION ','1'),(230,'FERRETERIA LA ESQUINA','Mcal. Estigarribia esq. Cerro Cori¡ en la esquina de la plaza San Roque','782233219','','.','','1483585-1','SAN IGNACIO MISIONES','1'),(231,'FERRETERIA AGRO VERDE S.A.','Avda. Carlos A. Lopez c/ Los Pioneros ','0673-221031','','.','','80032797-7','SANTA RITA - ALTO PARANA','1'),(232,'DINIMICA FERRETERIA S.A.','Avda. 14 de mayo c/Las Palmeras ','0673-220419','','.','','80039012-1','SANTA RITA - ALTO PARANA','1'),(233,'FERMACO S.A.','Santa Rita','','','','','44444401-7','SANTA RITA - ALTO PARANA','1'),(234,'FERRETERIA SAN JOSE','LILIO 2803 ESQ. CNEL. CABRERA ','611995','','','','418817-9','ASUNCION ','1'),(235,'TONINA S.A.','Tacuary 913 c/Manuel Dominguez - ','','','.','','80068100-2','ASUNCION ','1'),(236,'DON ANGEL S.A. ','Avenida Proceres de Mayo 904 y centenario','021-205370/201289','','.','','80023390-5','ASUNCION ','1'),(237,'PITI','.','','','','','1','ASUNCION ','1'),(238,'REPUESTOS JERONIMO S.R.L.','TTE. MANUEL MELLONES Nº1586','021-662627','','','','80017255-8','ASUNCION ','1'),(239,'RETAIL S.,A','Tte. Casco e/Boggiani  y Mariscal Lopez','','','','','80016096-7','ASUNCION ','1'),(240,'PERCAT S.A. HOTEL NIVEL 9','JosI© A. Flores y 15 de agosto Nº 239 ','','','','','80074803-4','CAAGIA','1'),(242,'ALTONA S.A.E. ','J.E.Estigarribia ','','','','','80029363-0','','1'),(243,'K-STAR S.R.L. ','Pabambi Vera Nº2325 c/Francisco Cusmanich ','','','','984288749','80070326-0','LAMBARE','1'),(244,'HERRERIA \"10\"','Soldado Paraguayo','','','EMILIO ESTEBAN MIRANDA','0982-904826','610737-0','ALBERDI - ÑEEMBUCU','1'),(245,'IDICON S.A','medicos del chaco Nº2289','021-550838','','','','001-005-0008259','ASUNCION ','1'),(246,'MACOMEX S.R.L.','sandra rosalia y capital¡n andres insfran','021-642764','','','','800016-18-1','LUQUE','1'),(247,'ACUARIO FERRETERIA ','avenida Artigas‚Nº 4118 y Coronel Montiel','021-296192','','MARTA ESTELA NAVERA DE GAMEZ','','564479-8','ASUNCION ','1'),(248,'MUNICIPALIDAD LAMBARE','Avenida Profesor Dr. Luis Maria Argaña y Casique Lambare','','','','1','80000564-3','LAMBARE','1'),(249,'SOLUCIONES ESTRATEGICAS PARA LA CONSTRUCCION Y EL','Avenida España 2355 c/ Venezuela ','','','.','','80076831-0','ASUNCION ','1'),(250,'\"3R MADERAS\" S.R.L.','Defensores del Chaco y Tte Bottana','021-504994','','','','80055440-0','ASUNCION ','1'),(251,'FARRES S.A.C.E.I. ','avenida Eusebio Ayala c/Boggiani ','021-222415','','','','80022415-9','ASUNCION ','1'),(252,'MG EXPRESS S.A','Republica Argentina esq. Encarnacion Nº 9026','021-557200','','','','80060064-9','ASUNCION ','1'),(253,'N.G. REPUESTOS S.A.','Avenida Fernando de la Mora Nº1895 entre Tte Bernabe Gonzalez y TTe Rolon Viera','021-552305','','','','80035874-0','ASUNCION ','1'),(254,'IMPORTADORA SALAR S.R.L. ','General Elizardo Aquino nª1180 c/ Pettirossi','021-211341','','','','80018776-8','ASUNCION ','1'),(255,'DIEGO CEBECA','asuncion','','','','','1','ASUNCION ','1'),(256,'METALURGICA PORTILLO','29 de septiembre  e/Carios y Las Palmas','021-906521','','','','511770-4','LAMBARE','1'),(257,'ARTE LUZ ELECTRICIDAD','avenida Eusebio Ayala c/Bernardino aballero Nº 1302','021-222917','','','','207973-9','ASUNCION ','1'),(258,'COMERCIAL FERNANDITO','Avenida Eusebio Ayala‚Nº 822 c/33 Orientales ','021-202673','','','','1512087-2','ASUNCION ','1'),(259,'SOUTH FOOD S.A','avenida Brasilia c/avenida Artigas Nº1947','283360','','','','80027920-4','ASUNCION','1'),(260,'SHOPPING TODO HOGAR','Hernandarias 1880 c/Mcal Estigarribia','','','','','8004549-0','ASUNCION','1'),(261,'KEMSA C.I.S.A.','avenida Eusebio Ayala Nº 4501  km 5 shopping multiplaza ','021-529054','','','','002-006-0020957','ASUNCION ','1'),(262,'FM GONZALEZ & CIA S.R.L.','PROCERES DE MAYO ESQ. RODRIGUEZ DE FRANCIA Nº 196 ','021-202-315','','','','80005600-0','ASUNCION ','1'),(263,'DIKA PINTURAS ','Av. aviadores del Chaco Nº 3763 c Madame Lynch ','021-233722','','','0983-110709','80098895-7','ASUNCION ','1'),(264,'MAYO S.R.L. ','Proceres de mayo,284 e/ Ana Diaz y Rodriguez de Francia','202985','mayosrl@hotmail.com','','0984-949534','80009731-9','ASUNCION ','1'),(265,'BAZAR NINO','Yuty c/ Avda Eusebio Ayala entre Rodriguez de Francia 1.140','','','','0961-946179','1341502-6','ASUNCION ','1'),(266,'HSIEH HOLDING\' S.A.','Proceres de mayo 106 casi Pettirossi','021-205410','','','0981-461818','80050496-8','ASUNCION ','1'),(267,'COMPAÑIA PANAMERICANA DE SERVICIOS S.A.','avenida españa436 c/dr. bestard ','616-6133','info@aex.com.py','','','80014536-4','ASUNCION ','1'),(268,'EMPRESA DE TRANSPORTE CIUDAD DE PILAR  S.R.L.','TERMINAL DE OMNIBUS','021-558393','','','','80059481-9','ASUNCION ','1'),(269,'CASA ORE S.R.L. ','Avda. Eusebio Ayala 197 y Gral. Bruguez','224302','','','','80005729-5','ASUNCION ','1'),(270,'HOTEL IMPERIAL','Tte Aguero c/ Gral Eugenio A, Agaray','0331-242738','','','','1816928-7','CONCEPCION ','1'),(271,'LA PARAGUAYA S.A','Intendente Screlbert y Mayor Lorenzo Medina                                                         ','0331-242647','','','','80039498-4','CONCEPCION ','1'),(272,'EMPRESA DE SERVICIOS INTEGRALES PARA LA SALUD S.A.','Republica Argentina y campos cerveza','021-6889175','','','','80031135-3','ASUNCION ','1'),(273,'DIESELECTRIX S.A.','Avda. Fernando de la Mora 1616 c/Panambi Reta','021-551821','','','','80026327-8','ASUNCION ','1'),(274,'TORNERIA MECANICA SAN GREGORIO','12 de junio c/Mcal. Lopez ','039-210370','','','','1010174-8','YBY YAIº','1'),(275,'AVENIDA AUTOCENTRO','Avenida Eusebio Ayala  n 3077','618600','','','','001-001-0031237','ASUNCION ','1'),(276,'VRO PARDO SRL','cerro cora Nº1659 c/Rca Francesa ','021-222916','','','','80096653-8','ASUNCION ','1'),(277,'FERRETERIA JS','rutaNº transchaco km 15.5 esquina Picuiba','761759','','JUAN CARLOS SEGOVIA CANO','','2191332-3','ASUNCION ','1'),(278,'COMERCIAL RICHARD','avenida artigas n 4111 y Cnel Montiel ','298-025','','JONNY OSVALDO RIOS ALVAREZ','','804499-6','ASUNCION ','1'),(279,'SIBARITA S.R.L.','avenida Peron c/ Rodrigo de Francia ','223951','','','','80022927-1','ASUNCION ','1'),(280,'SUPERMERCADO PUEBLO S.A.','ruta transchaco km 10 c/ Cnel Bogado ','021-755700','','','','80026165-8','ASUNCION ','1'),(281,'PALIGA CONFECCIONES S.A.C.I.','Peron Nº 777 y de las residentas  ','021-211350','','','','80012416-2','ASUNCION ','1'),(282,'LA CASA DEL HELADERO ','Brasil esq. R. de Francia ','021-229177','','','','915852-9','ASUNCION ','1'),(283,'MARKETEL','Mayor Fleitas nNº996 c/Teodoro S. Mongelos','021-200132','','','','1604301-4','ASUNCION ','1'),(284,'FERRETERIA SAN PIO','avenida Artigas n 2382 c/San Juan ','021-292278','','','','1118579-1','ASUNCION ','1'),(285,'AMADITO COMERCIAL S.R.L.','Ruta 1 Mariscal Lopez casi Pantaleon Arce','0224-632482','','','','80048545-9','YAGUARON','1'),(286,'NESTOR FABIAN VILLAMAYOR IRIARTE','sajonia nNº 1420','','','','0984-128791','4012809-1','LAMBARE','1'),(287,'CONO SUR DE LEVADURAS DEL PARAGUAY S.A.','Dr. Manuel Perez NNº 679','021-230004-5','','','','80024092-8','ASUNCION ','1'),(288,'COTILLON PEPOS','10 de agosto e/Saturio Rios y Pedro Carles n68','021-572417','','','','1453133-0','SAN LORENZO','1'),(289,'CABI ELECTRICIDAD ','General Elizardo Aquino c/Jose Bonifacio','021-642228','','','','659780-7','LUQUE','1'),(290,'FUNDACION SOLIDARIDAD ','Tte. Flores 1368 y Tte. Rivas Barrio Mburucuya - Villa Guarani','021-293381','','','','80023233-0','ASUNCION ','1'),(291,'MINISTERIO DE OBRAS PUBLICAS Y COMUNICACIONES','Asuncion','','','','','80004239-5','ASUNCION ','1'),(292,'IRM SA  (IRIBAS RESONANCIAS MAGNETICAS)','avda mariscal lopez 327 c/ curupayty','021-2551145','','','','80045576-2','ASUNCION ','1'),(293,'APOCALIPSIS','4 de octubre c/ 8 de diciembre ','','','','0971-943 054','1847825-5','CAPIATA ','1'),(294,'LA FAMILIA DE LAS EMPANADAS ','Manuel Gondra nNº 457 e/16 de julio y 30n de agosto','','','','0981-744806','1853062-1','LIMPIO','1'),(295,'VG RAMOS GENERALES','Avenida Eusebio Ayala nNº392 c/Ygurey','0981-996475','','VICTOR GUTIERREZ','','3251166-3','ASUNCION ','1'),(296,'NARA MICROSERVICE','General Aquino entre Eusebio Ayala y 9 de Marzo','212559','','','','001-001-0040927','ASUNCION ','1'),(297,'LT S.A','Gral. Elizardo Aquino y C.A. Lopez','','','','','80035353-6','LUQUE','1'),(298,'ATENEO PARAGUAYO','Asuncion','','','','','1704962-8','ASUNCION ','1'),(299,'TESIS LIBRERIA FOTOCOPIAS','Asuncion','443015','','BLANCA SANDOVAL ','','516151-7','ASUNCION ','1'),(300,'CARMEN ELECTRONICA ','Gral Aquino e/Pettirossi','','','CARMEN MARTINEZ','0984-987527','1754042-9','ASUNCION ','1'),(301,'DIESA','Avenida Eusebio Ayala km 4.5 y Camilo Recalde','021-5197000','','','021-503921','80001435-9','ASUNCION ','1'),(302,'NIQUELADO','1','021-213272','','1','','1','','1'),(303,'CENTRAL','25 de mayo NNº 433, Asuncion Paraguay','021-445093','','','','281347-5','ASUNCION ','1'),(304,'LUBRICAUCHO S.A ','Ruta Mcal. Estigarribia Km 91/2 ','524-049','','','','80028984-6','SAN LORENZO','1'),(305,'MAITA','25 de nayo 502 esq. Mexico','021-446605','','','','80002961-5','ASUNCION ','1'),(306,'TRANSPORTE RIO PARAGUAY','Avda. Republica Argentina  NNº 154 c/ Avda. Fernando de la Mora','558-051','','','','80010180-4','ASUNCION ','1'),(307,'GILCOPAR S.R.L.','Avda. Eusebio Ayala NNª 2963 c/ Tembetary - Asuncion ','021-604195 / 021-307921','','','','80009240-6','ASUNCION ','1'),(308,'PLASPASA','Republica de Colombia e/ Peron ','201-422','','','','80002676-4','ASUNCION ','1'),(309,'HOTEL COSMOS','ciudad del este','','','','','1','CIUDAD DEL ESTE','1'),(310,'RYSA','Avenida Republica Argentina esq. paso de patria ','021-557201/10','','','','80003063-0','ASUNCION ','1'),(311,'EMPRESA DE TRANSPORTE GOLONDRINA','Las orquideas y batallon 40 Suc. Cacique tavapy nNº 1935 c taruma','021-940332','','','','007-009-0030423','ASUNCION ','1'),(312,'DHL','Av. General Santos 1170 y Concordia ','021-2162000','asupy@dhl.com','','','80004866-0','ASUNCION ','1'),(313,'GAS CORONA','av. San Antonio y Av. Padre Americo Ferreira ','','','','','80030609-0','SAN ANTONIO','1'),(314,'FERRETERIA LEO S.A.','Avenida Dr. Eusebio Ayala Nº 697 y Cap. Rivarola ','021-201431','','','','001-003-0007528','ASUNCION ','1'),(315,'FERROPAR S.A','Avenida Gral. Jose Artigas y Sgto Martinez NNº 3585','021-3389647','','','','80015494-0','ASUNCION ','1'),(316,'TOYOTA DYMA','Asuncion','','','QUINTIN','','1','ASUNCION ','1'),(317,'FERRETERIA Y PINTURA MAVA S.A.','Avenida Eusebio Ayala nNº 1169 e/ 33 orientales y Rodo ','021-225-380','','','','80046121-5','ASUNCION ','1'),(318,'GENERAL SANTO ','GRAL. SANTOS 2181 C/O.MAIZ','21332366','','','','80015257-3','ASUNCION ','1'),(319,'ARAUCO S.A ','mcal. lopez entre abay y reseda','','','','','80083976-5','ASUNCION ','1'),(320,'CASA J.P.C.','avda. Petirossi y mayor fleitas (Galeria Bonanza local 52A)','021-211789','','','','1063089-9','ASUNCION ','1'),(321,'IPEBRAS PARAGUAY S.A.','Avenida General Santos nNº 688','021-220867','','','','80087053-0','ASUNCION ','1'),(322,'SASPY','Avenida Petirossi c/ Gral Aquino Galeria Santo Domingo ','','','','994150700','80061278-7','ASUNCION ','1'),(323,'LIC LETICIA RODRIGUEZ','Zanotti Cavazonni nNº253 c/El Dorado','021-202819','','','','4792148-0','ASUNCION ','1'),(324,'SANTA FE GASTRONOMIA ','Asuncion ','','','','','80080942-4','ASUNCION ','1'),(325,'FERRETERIA HT LA SOLUCION','AVDA STMA TRINIDAD NRO 1313 C/JULIO CORREA','21615093','','','972888814','1710710-5','ASUNCION','1'),(326,'MOPC','puesto de peaje Ita','','','','','80004239-5','ITA ','1'),(327,'AXION ENERGY PARAGUAY SRL','españa 1369 e/san rafael ','','','','','80027116-5','ASUNCION ','1'),(328,'CONFITERIA MARUVA ','Avenida Bruno Buggiari NNº 284 c/Avda. eusebio Ayala','021-338-9635','','','','3958717-7','ASUNCION ','1'),(329,'MARCHA PACIFIQUE ','AVD REPUBLICA FRANCESA NRO 989','21206590','','','981173813','2082233-2','ASUNCION ','1'),(330,'EST. DE SERVICIO ALPINA S.A 21','ruta mariscal estigarribia 21','','','','','80025460-0','ASUNCION ','1'),(331,'ESTACION SERVICIO OIL EXPRESS SRL.','km 7 ','','','','','1','VILLETA','1'),(334,'VIPAR COMBUSTIBLE ','calle luis fustagno nNº2444 esq. moises','','','','994734687','5782643-9','CAPIATA','1'),(335,'HOSPEDAJE FAMILIAR MI CAPRICHO','curupayty y tte. valdez verdun ','','','','','3434858-1','ALBERDI','1'),(336,'ROLE S.A SUPERMERCADO','cap. andres insfran nNº 3501 c/filigrana','','','','','80083590-5','ASUNCION ','1'),(337,'AD S.R.L.','1 MAYO CASI ARAUCANOS ','','','','','80100979-0','ÑEMBY','1'),(338,'GASTOS VARIOS','asuncion','','','','','1111111-1','ASUNCION ','1'),(339,'FABIOLA S.A ','acceso sur esq. 9 de agosto ','','','','021284235/7','80022158-3','ASUNCION ','1'),(340,'HOTEL CIUDAD NUEVA ','cde','','','','59561574767','X','CDE','1'),(341,'DISTRIBUIDORA JONATHAN ','NOVENA PTDA. Y MEXICO NNº 454','','','','','2430046-2','ASUNCION ','1'),(342,'SERVICENTRO AEROPUERTO S.R.L.','FDO DE LA MORA C/PARIRI','','','','','80002138-0','FERNANDO DE LA MORA','1'),(343,'CENTRO FERRETERO LUISITO','RUTA MCAL FRANCISCO SOLANO LOPEZ','981965543','','','21591495','1868016-0','SAN LORENZO','1'),(344,'ESTACION DE SERVICIO LIMPIO ','AVDA. SAN JOSE ','982724215','','','','2359133-1','LIMPIO','1'),(345,'SOL S.R.L.','PETTIROSSI NNº 819 C/MAYOR FLEITAS','','','','21213626','80031474-3','ASUNCION ','1'),(346,'TECNIFROS S.A.','avelino martInez y rafael matteri','','','','','80070077-5','ASUNCION ','1'),(347,'GRUPO ESTRELLA S.A','avda. acceso sur e/dr. vasconcellos','','','','','80071017-7','ASUNCION ','1'),(348,'SHARBAT S.R.L.','JUAN DE SALAZAR NNº 425','','','','','80090374-9','ASUNCION ','1'),(349,'LEE CHUN ANA PATRICIA','avda. eusebio ayala nNº 170','','','','','4667931-6','ASUNCION ','1'),(350,'C C CASA CAREAGA ','rca. francesa 861 c/teodoro s. mongelos','','','','','396570-8','ASUNCION ','1'),(351,'COLOR MAGIC','oliva nNº1030 c/colon','','','','','428230-2','ASUNCION ','1'),(352,'TAPE PORA','CALLE TTE FACUNDO ALMADA','','','','','80018781-4','ASUNCION ','1'),(353,'COMBUBAR COMPANY S.R.L.','calle 7 de octubre e/tupa rekavo','','','','','80048992-6','LUQUE','1'),(354,'HOTEL RESIDENCIAL EL AMANECER ','fabian ojeda c/ juan r. chavez ','','','','','404980-2','CORONEL OVIEDO','1'),(355,'ESTACION DE SERVICIO MONDAY','teodoro, san mongelos','','','','','2263183-6','CIUDAD DEL ESTE','1'),(356,'DEFENSORES DEL CHACO S.A ','defensores del chaco y azahares','','','','','80017767-3','VILLA ELISA','1'),(357,'EXXA GREEN SRL','MCAL LOPEZ C/ INGAVI ','','','','','80098084-','ASUNCION ','1'),(358,'HOTEL CHORE ','AVDA. ANTOLIANO DIAZ MOREL','','','','','407410-6','SAN PEDRO','1'),(359,'ACEROS MARTINEZ S.R.L','doctor juan netto e/avda. de la victoria','','','','','80038829-1','ASUNCION ','1'),(360,'FRANKNID DN´LAYS SANCHEZ LARA','gral maximiliano santos y pirizal','','','','','8331449-0','ASUNCION ','1'),(361,'FENIX S.A  -  MARTEL','san jose nNº 2277 esq. cristobal colon','','','','','80001890-7','ASUNCION ','1'),(362,'DRA. JASMIN RODRIGUEZ Z.','ruiz diaz de guzman nNº 1262','','','','','1695089-5','ASUNCION ','1'),(363,'COMBUSTIBLES S.A','AV. EUSEBIO AYALA Y BOGGIANI ','','','','','80021077-8','ASUNCION ','1'),(364,'ROSA ELENA MARIA MARTINO ORTIZ','AVIADORES DEL CHACO NNº2050','','','','','1092350-0','ASUNCION','1'),(365,'GUATA PORA S.A','QUESADA C/HARLES DE GAULLE','','','','','80050373-2','ASUNCION ','1'),(366,'FERIA ASUNCION ','SAN MARTIN C/AUSTRIA','','','','','80022557-0','ASUNCION ','1'),(367,'ESTACION DE SERVICIOS LOS LAURELES','rca. argentina nro 1601 e/tte. manuel mellones ','','','','','80071987-5','ASUNCION ','1'),(368,'ZETA SOCIEDAD ANONIMO','avda fernando de la mora 2690 caso paraido','562274','','','','80057932-1','ASUNCION','1'),(369,'GARIBALDI IMPORTADORA SA','monday','','','','061-571950 / 570672','80053769-6','ALTO PARANA','1'),(370,'CENTRO DE LUBRICANTE SAN CAYETANO','villa elisa','','','','','1809693-0','VILLA ELISA ','1'),(371,'ADALBERTO LEZCANO BOGADO ','padre fidel maiz 119','','','','21645267','1713734-9','VILLA ELISA','1'),(372,'HONG HYUN YOON DESPENSA PAISANO','tte fariña 1814 e/mayor fleitas','','','','','2151013-0','ASUNCION ','1'),(373,'ALEXIS MANUEL GARCETE VARGAS ','panama esq/ caracas','','','','','4217154-7','SAN LORENZO','1'),(374,'COMERCIAL COSTA AZUL ','jose a. flores 1846','','','','','3408873-3','ASUNCION ','1'),(375,'FARMACIA CATEDRAL S.A','AVD. PERU ESQ. RCA DE COLOMBIO ','216277241','','','','80030535-3','ASUNCION ','1'),(376,'BADESA DE CARLOS ESTIGARRIBIA ','calle, manduvira nNº 668','','','','','308147-8','ASUNCION','1'),(377,'FLEKTROBELL','avda. eusebio ayala nNº 1188','','','','','704624-3','ASUNCION ','1'),(378,'ELECTRONICA SAMIRA DE ROBERTO BOGARIN G.','AVDA. RODRIGUEZ DE FRANCIA ','','','','','4581938-6','ASUNCION ','1'),(379,'ANTELL COMUNICACIONES S.A','ASUNCION','','','','','80021940-6','ASUNCION','1'),(380,'NUEVA ASUNCION ','ASUNCION','','','','','80004426-6','ASUNCION','1'),(381,'GESTION DE SERVICIO S.A','ASUNCION','','','','','80040939-6','ASUNCION','1'),(382,'SAYVON S.R.L.','ASUNCION ','','','','','80026825-3','ASUNCION','1'),(383,'ADRIANA VARGAS ','ASUNCION','','','','','3399378-5','ASUNCION ','1'),(384,'OSCAR ARIEL PANIAGUA ','ASUNCION','','','','','4010637-3','ASUNCION ','1'),(385,'TODO MOTOS','asuncion','','','','','2319965-2','AS','1'),(386,'PUERTO ALTO S.A','ñeembucu','','','','','80020768-8','ÑEEMBUCU','1'),(387,'MINGO S.R.L','ASUNCION','','','','','80028385-6','ASUNCION ','1'),(388,'GAS METAL S.R.L','ASUNCION','','','','','80008762-3','ASUNCION ','1'),(389,'FARMA S.A','av. fernando de la mora ','','','','','80022877-4','ASUNCION ','1'),(390,'R.URBANA ','FACUNDO MACHAIN ','','','','','80026975-0','ASUNCION ','1'),(391,'WASHINGTON S.R.L','ASUNCION','','','','','80003064-8','ASUNCION ','1'),(392,'ESTACION DE SERVICIO EL DORADO','ASUNCION','','','','','360228-1','ASUNCION ','1'),(393,'CHOFERES DEL CHACO ','AVDA. SAN MARTIN ','','','','','3666284-4','ASUNCION ','1'),(394,'YIREH ','SAJONIA ','','','','','4012809-1','ASUNCION','1'),(395,'COARCO S.A.C.I','TTE. ROLON VIERA ','','','','','80002912-7','ASUNCION ','1'),(399,'PUNTO ELECTRICO ','eusebio ayala ','559600','','','0981-202063','80018652-4','ASUNCION ','1'),(400,'DIESELMEC S.R.L.','asuncion','','','','','80032913-9','ASUNCION ','1'),(401,'PROPOSITO SA ','1','','','1','','80095178-6','','1'),(402,'PETROSUR S.A','ASUNCION ','','','','','80013377-3','ASUNCION ','1'),(403,'ASOC OBRA FEMENINA BEATO LUIS GUANELLA ','asuncion ','','','','','80031033-0','ASUNCION ','1'),(404,'MADERERA GUAYAYBI S.R.L','ASUNCION ','','','','','80031576-6','ASUNCION ','1'),(405,'FERRETERIA ALONSO S.R.L.','CACIQUE LAMBARE 946','','','','','80045644-6','LAMBARE','1'),(406,'HI HOTEL IMPERIAL DE ELADIO RIOS DUARTE','tte. aguero e/gral eugenia ','','','','','1816928-7','CONCEPCION ','1'),(407,'CADENA FARMACENTER S.A','ASUNCION ','','','','','80019551-5','ASUNCION ','1'),(408,'DRA. JAZMIN RODRIGUEZ Z.','asuncion ','','','','','1695089-5','ASUNCION ','1'),(409,'COLEGIO PRIVADO SANTA ROSA ','asuncion ','','','','','80031033-0','ASUNCION ','1'),(410,'ULTRA VELOZ S.A','ASUNCION ','','','','','80032815-9','ASUNCION ','1'),(411,'FERRETERIA BENJAMIN ','ASUNCION ','','','','','7008282-7','ASUNCION ','1'),(412,'REPUESTO INDUSTRIAL S.A ','asuncion','','','','','80071744-9','ASUNCION ','1'),(413,'FERREVENTAS S.A.','ASUNCION ','','','','','80084077-1','ASUNCION ','1'),(414,'TALLER BRAFOR DE LISA VITORIA LEZCANO','ASUNCION ','','','','','5591136-6','ASUNCION ','1'),(415,'RINCON DE LOS BULONES S.R.L.','FERNANDO DE LA MORA ','','','','','80040809-8','ASUNCION ','1'),(416,'LUBRICANTE TODO S.A ','asuncion ','','','','','80078324-7','ASUNCION ','1'),(417,'FERRETERIA Y ELECTRICIDAD ','MANUEL R. ALCARAZ R.','','','','','377335-3','ITAUGUA','1'),(418,'CARSUPLAY ','ASUNCION','','','','','80044075-7','ASUNCION ','1'),(419,'AUREAL S.A','ASUNCION ','','','','','80016146-7','ASUNCION ','1'),(420,'SERIMAX SRL','GRAL AQUINO Y LUIS GUANELLA','021-220219','','','','80012067-1','ASUNCION','1'),(421,'COMERCIAL ANA ','MAYOR FLEITAS 1182C/ PETIROSSI','','','','981804080','1033499-8','ASUNCION','1'),(422,'JRT FERRETERIA ','SOLDADO OVELAR E FORTIN BENAL','','','','0981-150137','4467142-3','ASUMCION','1'),(423,'SERVICENTRO 23','capiata ','','','','','2994949-1','CAPIATA','1'),(424,'DE POOL S.A ','ASUNCION ','','','','','80096491-8','ASUNCION ','1'),(425,'SONIA ELENA ARMOA SOTELO','san lorenzo','','','','','1722001-7','SAN LORENZO','1'),(426,'LIC. ANDREA E. PEDROSO DE FERNANDEZ','LAMBARE','','','','','2351856-1','LAMBARE','1'),(427,'FARMACIA OLIVA S.A ','asuncion ','','','','','80019742-9','ASUNCION ','1'),(428,'GROUP S.A','asuncion ','','','','','80087566-4','ASUNCION ','1'),(429,'PARADOR EL VIAJERO ','asuncion ','','','','','860251-4','ASUNCION ','1'),(430,'BAGI S.A ','ASUNCION ','','','','','80100581-7','ASUNCION ','1'),(431,'INSTRUMAQ S.A','ASUNCION ','','','','','80037949-7','ASUNCION ','1'),(432,'FERRETERIA OLIER','CIUDAD DEL ESTE ','','','11','','604135-3','','1'),(435,'FERRETERIA AMANECER ','CIUDAD DEL ESTE','061-510026','','','','80075165-5','CIUDAD DEL ESTE','1'),(436,'FERRETERIA ULIFER','CIUDAD DEL ESTE ','061-578547','','1','','13194302-6','CIUDAD DEL ESTE','1'),(437,'SET ','0','','','','','0','','1'),(438,'TECHNICAL SRL','lambrare ','021-3386767','','','','80095111-5','LAMBRARE','1'),(439,'BAZAR SAN JUAN S.A','RCA DE COLOMBIA C/ BATILANA NNº 1568','','','','','80078731-5','ASUNCION','1'),(440,'HIPER LUISITO ','f','','','','','f','','1'),(443,'EDITORIAL AZTECA S.A','yegros 745','','','','','800001788-9','ASUNCION','1'),(445,'ELEKTROBELL','eusebio ayakla 1188 e 12 de octubre ','021-808987','','','','704624-3','ASUNCION','1'),(446,'CONZALO V VELASQUEZ CANCHEZ','dr paiva 1971 y alferez silva','021-294421','','','','1434143-3','ASUNCION ','1'),(447,'TODO BRASILEROS S.A','eusebio ayala ','','','','','80059218-2','ASUNCION','1'),(448,'REMBER S.A.C.I','eusebio ayala 2100 eq bartolome de las casas','','','','','80004829-6','ASUNCION','1'),(449,'REINO DE MAMIS','powfmer','','','','','fpsdmfew','','1'),(451,'CRUCIJUEGOS','pwemnfwe','','','','','pfwekfmwe','','1'),(452,'ASTORIA ','petirossi 570 casi peru','021-223733','','','','864984-7','ASUNCION','1'),(453,'CC METALURGICA ','pirizal 1878 c/ juan pablo 2 barrio santo domingo ','301413','','','','1902654-4','LAMBARE','1'),(454,'SIMPSON ','gral santos y pirizal ','','','','','1004301-2','ASUNCION','1'),(455,'BAYO BAT ','eusebio ayala km 4 ','','','Nº','021-611521','2434217-3','ASUNCION ','1'),(456,'JF INDUSTRIAL SA','1','','','','','80037756-7','','1'),(457,'C.G COMERCIAL','11 de setiembre 1207 casi fernando machain','','','0961 764841','','2408759-9','SAN LORENZO ','1'),(459,'YEREH ','SAJONIA 1420 ','0984-128791','','','','4012809-1','LAMBRARE ','1'),(460,'UIP UNION INDUSTRIAL PARAGUAYA ','sacramento 945 ','021-606988','','','','80023473-1','ASUNCION ','1'),(461,'DAVALOS HNOS SAIC','carios 173 c/ bruno guggiari','','','','','80000872-3','ASUNCION','1'),(462,'YTARENDY SA','avda medicos del chaco 2866','021-552526','','DERLIS','','80001878-8','ASUNCION','1'),(463,'CEIDOR  CANTRO INTEGRAL ORTOPEDICA SRL','avda. peru 762 c/  herrera ','234323','','','','80021212-6','ASUNCION','1'),(464,'ABRACOMAQ SRL','mariscal estigarribia 860 esq saturio rios','','','','','80090439-7','ASUNCION','1'),(465,'INDALCO','eusebio ayala km6 ','','','','','80026636-2','ASUNCION','1'),(466,'FERRETERIA LA SOLUCION','santisima trnidad ','','','','','1710710-5','ASUNCION','1'),(467,'SUPER UTIL ','gral aquino 1165 c/ eusebio ayala','','','','','2084692-4','ASUNCION','1'),(468,'COMERCIAL DIONICIO','JOSE TTE CACERES 5363 C/ RUTA TRANSCHACO','021-296644','','','','3991239-6','ASUNCION','1'),(469,'7 DE MAYO SRL','asuncion ','021-295979','','','','80072319-8','','1'),(470,'OGA SANITARIOS ','eusebio ayala 2663c/ choferes del chaco','021-600170','','','','558007-2','ASUNCION ','1'),(471,'CASA ENRIQUE MATALON S.A.','25 DE MAYO 417 ESQ. CABALLERO','21440592','','','','80005377-0','ASUNCION ','1'),(472,'AEROVEN I.C.S.A','MCAL. ESTIGARRIBIA C/ INGAVI','','','','','80026954-3','SAN LORENZO','1'),(473,'EL PICHON MOLDES','CNEL MARTINEZ','','','','','806898-4','CAPIATA','1'),(474,'CLINICA BONNE SANTE','proceres de mayo y rodriguez de francia','','','','','80083095-4','','1'),(475,'JOUNI GROUP S.A.','PETTIROSSI Y MAYOR FLEITAS','','','','','80070368-5','ASUNCION ','1'),(476,'ACOMAR','MCAL ESTIGARRIBIA','','','','','80008203-5','FERNANDO DE LA MORA','1'),(477,'DOÑA DELIA','GRAL. SANTOS Y PROCERES DE MAYO','','','','','80093258-7','ASUNCION ','1'),(478,'METAL HOUSE','LOMAS VALENTINAS Y FERNANDO DE LA MORA','','','','','80031340-2','FERNANDO DE LA MORA','1'),(479,'COMERCIAL DAVID','CARLOS ANTONIO LOPEZ Y HUMAITA','','','','','1165777-4','MARIANO ROQUE ALONSO','1'),(480,'ARBA FERRETERIA Nº','limpio ','021-780383','','Nº','','80050814-9','LIMPIO','1'),(481,'IPS INSTITUTO DE PREVINCION SOCIAL Nº','Nº1','203-117 / 2197000  2197800','','Nº1','','1','','1'),(482,'PORTAL SERVICE SRL','1','','','','','80031927-3','','1'),(483,'PLANETA ECO','1','','','','','1489414-9','','1'),(484,'LA CASA DE LOS HERRAJES','ARTIGAS','','','','','80090652-7','ASUNCION ','1'),(485,'DISTRIBUIDORA FERROCENTER','DURAZNO C/ PAZ DEL CHACO','','','','','3439091-0','ASUNCION ','1'),(487,'FERRETERIA SAN BLAS','TRANSCHACO','','','','','3465102-2','ASUNCION ','1'),(488,'LIDER','1','','','','','1704962-8','','1'),(489,'ARAVERA ELECTRONICA S.A.','1','','','','','1','','1'),(490,'CONSORCIO EXPO ARP/UIP','troperos del chaco','','','','','80036179-2','MARIANO ROQUE ALONSO','1'),(491,'COOPERATIVA CHORTITZER','1','','','','','80004464-9','','1'),(492,'AUTOSERVICE LINZ','JOSE ASUNCION FLORES','','','','','835340-9','CAAGUAZU','1'),(493,'QUIERO FRUTA','1','','','','','3747940-7','','1'),(494,'HC HERRAJES CARMEN','MCAL ESTIGARRIBIA Y SOLDADO OVELAR','','','','','80058888-6','ASUNCION ','1'),(495,'LA CLINICA DE PARABRISAS','AZARA','','','','','517652-2','ASUNCION ','1'),(496,'FERRETERIA MONTSERRAT','JULIA MIRANDA CUETO','','','','','773936-2','SAN LORENZO','1'),(497,'SAMA S.A.','1','','','','','80078819-2','','1'),(499,'ESTACION DE SERVICIOS FRIESEN Y CIA. S.R.L','CENTRAL','','','','','80016111-4','','1'),(500,'AGROFIO YGUAZU','DR. GASPAR RODRIGUEZ DE FRANCIA ','','','','','80003823-1','ALTO PARANA','1'),(501,'J.C. HIERROS','24 DE MAYO C/ SAN JOSE','','','','','80059624-2','CDE','1'),(502,'FERRETERIA Y BAZAR ALAMEDA','GUYRA CAMPANA C/ 6 DE ENERO','','','','','2988004-1','MONDAY','1'),(503,'ACCESORIOS ALAN','TEODORO S MONGELOS','','','','','1285561-8','CDE','1'),(504,'BOBINADOS MASTER','1','','','','','1901229-2','','1'),(505,'CLINICA VETERINARIA MEDICAN-S','PROCERES DE MAYO','','','','','3973129-4','ASUNCION ','1'),(506,'VAGOS','1','','','','','80012928-8','','1'),(507,'MULTITIENDA','1','','','','','80001912-1','','1'),(508,'FERRETERIA LA BROCHA','gral. santos c/ mayor arguello','','','','','4730753-6','ASUNCION ','1'),(509,'AGRO INDUSTRIAL COLONIAL','1','','','','','80004573-4','','1'),(510,'MAXI COMEDOR','1','','','','','3016273-4','','1'),(511,'COOPERATIVA SOMMERFELD','1','','','','','80003626-3','','1'),(512,'FERRETERIA DEL ESTE','1','','','','','591815-4','','1'),(513,'AGRO ALTONA S.A','1','','','','','80038713-9','','1'),(514,'TECNO SOLUCION','1','','','','','80098084-0','','1'),(515,'ECOBAR SRL','1','','','','','80051180-8','','1'),(516,'VISION BANCO SAECA','1','','','','','80009310-0','','1'),(517,'KING','carlos antonio lopez e/ monseñor rodriguez  y adrian jara','','','','','80086201-5','CIUDAD DEL ESTE','1'),(519,'FERRETERIA Y PINTURA CHACO','eusebio ayala e/  orientales y rodo','','','','','80046121-5','ASUNCION ','1'),(520,'ESTACION DE SERVICIO PETROBRAS LUQUE','DE LAS RESIDENTAS NRO 661','','','','','1455630-8','LUQUE','1'),(521,'PHARMA ARTE','1','','','','','80024170-3','','1'),(522,'DR. ANIBAL DE LOS RIOS BOGADO','SAN ALFONSO C/ SARABI','','','','','754985-7','ASUNCION ','1'),(523,'MATER FOOD S.A','1','','','','','80030955-3','','1'),(524,'IMAGIX S.A','CURUPAYTY E/ HERRERA Y AZARA','','','','','80010916-3','ASUNCION ','1'),(525,'TODO RULEMANES ','1','','','','','80037949-7','','1'),(526,'FERRETERIA ELECTROTODO','eulogio estigarribia','','','','','5034821-3','CAAGUAZU','1'),(527,'AGROVETERINARIA Y FERRETERIA SAN LUIS','jose a flores','','','','','1229414-4','','1'),(528,'MASCOLOR PINTURERIA','1','','','','','80011296-2','CAAGUAZU','1'),(529,'SEVIC','PALMA','','','','','791880-1','ASUNCION ','1'),(530,'CUMBRE DEL SUR','TENIENTE JOSE TROCHE','','','','','80066995-9','LAMBARE','1'),(531,'COLSA S.A','SOLDADO OVELAR C/ MARCOS RIERA','','','','','1704962-8','FERNANDO DE LA MORA','1'),(532,'SANITARIOS ATERSAN S.A.E','1','','','','','80012423-5','','1'),(533,'ESTACIONES Y SERVICIOS','1','','','','','2914724-7','','1'),(534,'PRESTIGIO DEL SUR','1','','','','','80020469-7','','1'),(535,'REGOPAR S.A','DEFENSORES DEL CHACO','','','','','80087228-2','AS','1'),(537,'METALURGICA SAN JOSE','AMANCIO GONZALEZ C/ CARIOS','','','','','337369-0','ASUNCION ','1'),(538,'LUCIA TORRES PEREZ','1','','','','','1855652-3','','1'),(539,'COMERCIAL VIRGEN DEL ROSARIO','1','','','','','80028327-9','','1'),(540,'EMPRENDIMIENTOS GLOBALES SRL','1','','','','','80076876-0','','1'),(541,'ELECTRO DIESEL','1','','','','','80020578-2','','1'),(542,'TCE TRANSPORTE DE CARGAS Y ENCOMIENDAS','1','','','','','1120955-0','','1'),(543,'METALURGICA UNIVERSAL','1','','','','','80022300-4','','1'),(544,'3MG','1','','','','','1040873-8','','1'),(545,'FUELPAR','1','','','','','3608943-5','','1'),(546,'HOTEL SANTA ROSA','1','','','','','1171044-6','','1'),(547,'ESTACION DE SERVICIO LAS PALMERITAS','1','','','','','1269655-2','','1'),(548,'IMPORTACIONES YRAPE','1','','','','','1090795-5','','1'),(549,'LA PARAGUAYITA','1','','','','','327511-6','','1'),(550,'FILTROS','1','','','','','340077-8','','1'),(551,'COMERCIAL BOGGIANI','1','','','','','6604307-7','','1'),(552,'HIDMA','1','','','','','4215862-1','','1'),(553,'MUNICIPALIDAD DE ASUNCION','1','','','','','80002491-5','','1'),(554,'FERRETERIA FERRAR','1','','','','','768957-8','','1'),(555,'FRIOMAX','1','','','','','80104592-4','','1'),(556,'AIR TEC','1','','','','','1','','1'),(557,'FERRETERIA GENERAL','1','','','','','781742-8','','1'),(558,'ARTESANIA FELICIA','1','','','','','3742333-9','','1'),(559,'MAS UNO','1','','','','','1006205-0','','1'),(560,'CASA NANCY','1','','','','','80020571-5','','1'),(561,'SAN JORGE - ODONTOLOGIA','1','','','','','1064644-2','','1'),(562,'ESTACION DE SERVICIO SAN JOSE','1','','','','','80016627-2','','1'),(563,'LUA SRL','1','','','','','80000776-0','','1'),(564,'COMERCIAL SANABRIA','1','','','','','2357150-0','','1'),(565,'ESTACION DE SERVICIOS AMERICA','1','','','','','80021614-8','','1'),(566,'COMEDOR ROSSANA','1','','','','','1704962-8','','1'),(567,'GLOBO S.A','1','','','','','80009246-5','','1'),(568,'PUNTO CELL','don bosco c/ independiente ','','','1','0971-832396','3983003-9','ASUNCION','1'),(569,'YACARE METALES SRL ','dr, sosa c/ avda defensores del chaco ','021-504540','','','','80099984-3','ASUNCION ','1'),(570,'FS LAVADERO DE AUTOS','1','','','','','3512411-3','','1'),(571,'LA CASA DE LAS CUERINAS','1','','','','','699515-2','','1'),(572,'JAVIER GAMARRA','1','','','','','1240535-3','','1'),(573,'ANGEL GARCETE','1','','','','','3407387-6','','1');

/*Table structure for table `recibo` */

DROP TABLE IF EXISTS `recibo`;

CREATE TABLE `recibo` (
  `id_recibo` int(11) NOT NULL AUTO_INCREMENT,
  `numero` varchar(45) CHARACTER SET utf8mb4 COLLATE utf8mb4_0900_ai_ci NOT NULL,
  `fecha` date NOT NULL,
  `concepto` varchar(150) CHARACTER SET utf8mb4 COLLATE utf8mb4_0900_ai_ci NOT NULL,
  `monto` int(11) NOT NULL,
  `estado` varchar(1) CHARACTER SET utf8mb4 COLLATE utf8mb4_0900_ai_ci NOT NULL DEFAULT '1',
  `id_pedido` varchar(45) CHARACTER SET utf8mb4 COLLATE utf8mb4_0900_ai_ci DEFAULT NULL,
  `id_cliente` int(11) NOT NULL,
  PRIMARY KEY (`id_recibo`),
  UNIQUE KEY `numero_UNIQUE` (`numero`),
  KEY `fk_recibo_cliente1_idx` (`id_cliente`),
  CONSTRAINT `fk_recibo_cliente1` FOREIGN KEY (`id_cliente`) REFERENCES `cliente` (`id_cliente`)
) ENGINE=InnoDB DEFAULT CHARSET=utf8;

/*Data for the table `recibo` */

/*Table structure for table `stock` */

DROP TABLE IF EXISTS `stock`;

CREATE TABLE `stock` (
  `id_stock` int(11) NOT NULL AUTO_INCREMENT,
  `producto` varchar(150) CHARACTER SET utf8mb4 COLLATE utf8mb4_0900_ai_ci NOT NULL,
  `stock_min` int(11) DEFAULT NULL,
  `cantidad` double NOT NULL,
  `costo` int(11) NOT NULL,
  `ubicacion` varchar(45) CHARACTER SET utf8mb4 COLLATE utf8mb4_0900_ai_ci DEFAULT NULL,
  `codigo` varchar(45) CHARACTER SET utf8 COLLATE utf8_general_ci NOT NULL,
  `id_detalle_stock` int(11) NOT NULL,
  PRIMARY KEY (`id_stock`),
  UNIQUE KEY `codigo_UNIQUE` (`codigo`),
  KEY `fk_stock_detalle_stock1_idx` (`id_detalle_stock`),
  CONSTRAINT `fk_stock_detalle_stock1` FOREIGN KEY (`id_detalle_stock`) REFERENCES `detalle_stock` (`id_detalle_stock`)
) ENGINE=InnoDB AUTO_INCREMENT=6 DEFAULT CHARSET=utf8;

/*Data for the table `stock` */

insert  into `stock`(`id_stock`,`producto`,`stock_min`,`cantidad`,`costo`,`ubicacion`,`codigo`,`id_detalle_stock`) values (1,'MECHA FREZA 6MM 2 PUNTAS ',2,6,0,'X','1211',1),(2,'MECHA FREZA 6MM 4 PUNTAS',2,51,0,'X','1221',2),(3,'LIMA ROTATIVA ABAULADAS 6MM / 12MM PUNTA REDONDEADA',1,3,0,'X','2532',5),(4,'BARRA DE NEUTRO 20X5 PUNTA REDONDEADA',1,5,162,'X','11631',6),(5,'ARANDELA 15X1 GALVANIZADO',3,6,15200,'X','5741',7);

/*Table structure for table `timbrado` */

DROP TABLE IF EXISTS `timbrado`;

CREATE TABLE `timbrado` (
  `id_timbrado` int(11) NOT NULL AUTO_INCREMENT,
  `numero` int(11) NOT NULL,
  `fecha_desde` date NOT NULL,
  `fecha_hasta` date NOT NULL,
  `estado` int(11) NOT NULL DEFAULT '1',
  PRIMARY KEY (`id_timbrado`),
  UNIQUE KEY `numero_UNIQUE` (`numero`)
) ENGINE=InnoDB AUTO_INCREMENT=2 DEFAULT CHARSET=utf8;

/*Data for the table `timbrado` */

insert  into `timbrado`(`id_timbrado`,`numero`,`fecha_desde`,`fecha_hasta`,`estado`) values (1,13739619,'2019-11-05','2020-05-31',1);

/*Table structure for table `user` */

DROP TABLE IF EXISTS `user`;

CREATE TABLE `user` (
  `id_user` int(11) NOT NULL AUTO_INCREMENT,
  `password` varchar(150) CHARACTER SET utf8mb4 COLLATE utf8mb4_0900_ai_ci NOT NULL,
  `estado` varchar(1) CHARACTER SET utf8mb4 COLLATE utf8mb4_0900_ai_ci NOT NULL DEFAULT '1',
  `imagen` varchar(45) CHARACTER SET utf8mb4 COLLATE utf8mb4_0900_ai_ci DEFAULT NULL,
  `rol` varchar(1) CHARACTER SET utf8mb4 COLLATE utf8mb4_0900_ai_ci DEFAULT '0',
  `user` varchar(20) NOT NULL,
  PRIMARY KEY (`id_user`),
  UNIQUE KEY `unique_user` (`user`)
) ENGINE=InnoDB AUTO_INCREMENT=2 DEFAULT CHARSET=utf8;

/*Data for the table `user` */

insert  into `user`(`id_user`,`password`,`estado`,`imagen`,`rol`,`user`) values (1,'ccaa97ed4b490f9255d3957febebb17cd76229920f5b85accfdc07934a688d9e724942321d22ff77c3c03bf86b5df3fdc5b697434392a28d38ec1b0052688d9e','1',NULL,'1','fede');

/*!40101 SET SQL_MODE=@OLD_SQL_MODE */;
/*!40014 SET FOREIGN_KEY_CHECKS=@OLD_FOREIGN_KEY_CHECKS */;
/*!40014 SET UNIQUE_CHECKS=@OLD_UNIQUE_CHECKS */;
/*!40111 SET SQL_NOTES=@OLD_SQL_NOTES */;
